{"stats":{"minecraft:dropped":{"minecraft:iron_sword":4,"minecraft:dirt":7,"minecraft:large_fern":1,"minecraft:iron_pickaxe":2,"minecraft:cobbled_deepslate":17,"minecraft:rotten_flesh":3,"minecraft:white_bed":2,"minecraft:poppy":17,"minecraft:chest":2,"minecraft:stone_brick_stairs":2,"minecraft:water_bucket":1,"minecraft:golden_boots":3,"minecraft:bread":8,"minecraft:wheat_seeds":57,"minecraft:dripstone_block":13,"minecraft:diamond_leggings":1,"minecraft:feather":1,"minecraft:cobblestone":64,"minecraft:granite":5,"minecraft:stick":5,"minecraft:diorite":21,"minecraft:iron_leggings":2,"minecraft:iron_axe":1,"minecraft:string":1,"minecraft:stone_brick_slab":1,"minecraft:dandelion":2,"minecraft:oak_trapdoor":1,"minecraft:tuff":4,"minecraft:diamond_hoe":1,"minecraft:white_terracotta":1,"minecraft:oak_sign":3,"minecraft:potato":12,"minecraft:shield":1,"minecraft:spruce_planks":6,"minecraft:diamond_pickaxe":1,"minecraft:andesite":21,"minecraft:yellow_bed":2,"minecraft:spider_eye":1,"minecraft:bow":1,"minecraft:black_wool":1},"minecraft:picked_up":{"minecraft:iron_chestplate":6,"minecraft:wheat":43,"minecraft:lead":8,"minecraft:enchanted_book":2,"minecraft:potion":4,"minecraft:stone_brick_stairs":10,"minecraft:brewing_stand":7,"minecraft:string":18,"minecraft:iron_leggings":8,"minecraft:oak_sign":3,"minecraft:diamond_leggings":5,"minecraft:cobbled_deepslate":120,"minecraft:gold_nugget":6,"minecraft:smooth_stone":3,"minecraft:bucket":2,"minecraft:spruce_planks":282,"minecraft:iron_pickaxe":4,"minecraft:iron_boots":7,"minecraft:furnace":8,"minecraft:blue_wool":5,"minecraft:stick":94,"minecraft:spruce_stairs":14,"minecraft:torch":218,"minecraft:porkchop":25,"minecraft:pointed_dripstone":14,"minecraft:diorite":33,"minecraft:cauldron":13,"minecraft:andesite_wall":6,"minecraft:rotten_flesh":100,"minecraft:light_blue_wool":4,"minecraft:white_terracotta":1,"minecraft:obsidian":15,"minecraft:iron_bars":6,"minecraft:cobblestone":518,"minecraft:cooked_beef":9,"minecraft:feather":7,"minecraft:magma_cream":1,"minecraft:water_bucket":5,"minecraft:andesite":123,"minecraft:smoker":7,"minecraft:potato":695,"minecraft:flint":2,"minecraft:tuff":27,"minecraft:lapis_lazuli":93,"minecraft:dirt":1177,"minecraft:lantern":5,"minecraft:disc_fragment_5":1,"minecraft:name_tag":2,"minecraft:bone":93,"minecraft:bow":9,"minecraft:stonecutter":6,"minecraft:wheat_seeds":201,"minecraft:raw_gold":41,"minecraft:bell":15,"minecraft:fletching_table":5,"minecraft:glowstone_dust":37,"minecraft:oak_planks":23,"minecraft:stone_hoe":1,"minecraft:cooked_porkchop":16,"minecraft:music_disc_13":2,"minecraft:poisonous_potato":3,"minecraft:sand":54,"minecraft:stripped_spruce_log":10,"minecraft:grass_block":35,"minecraft:mossy_cobblestone":1,"minecraft:spruce_fence_gate":1,"minecraft:diamond":7,"minecraft:spruce_boat":2,"minecraft:granite":5,"minecraft:bone_meal":7,"minecraft:golden_apple":1,"minecraft:emerald":8,"minecraft:spruce_sign":12,"minecraft:bread":68,"minecraft:oak_sapling":8,"minecraft:netherrack":154,"minecraft:diamond_pickaxe":3,"minecraft:crafting_table":14,"minecraft:azure_bluet":37,"minecraft:chicken":3,"minecraft:ladder":2,"minecraft:stone_brick_wall":6,"minecraft:diamond_horse_armor":2,"minecraft:chain":10,"minecraft:shield":5,"minecraft:cornflower":2,"minecraft:oak_trapdoor":3,"minecraft:iron_axe":7,"minecraft:flint_and_steel":1,"minecraft:iron_shovel":4,"minecraft:cracked_stone_bricks":1,"minecraft:echo_shard":12,"minecraft:music_disc_otherside":2,"minecraft:beef":52,"minecraft:oak_boat":5,"minecraft:player_head":1,"minecraft:cyan_wool":4,"minecraft:poppy":31,"minecraft:iron_nugget":8,"minecraft:spruce_slab":45,"minecraft:sugar_cane":164,"minecraft:chest":20,"minecraft:spruce_trapdoor":30,"minecraft:diamond_hoe":4,"minecraft:phantom_membrane":1,"minecraft:egg":3,"minecraft:raw_iron":186,"minecraft:fire_charge":1,"minecraft:stone_button":3,"minecraft:carrot":80,"minecraft:redstone":84,"minecraft:arrow":86,"minecraft:beetroot_seeds":26,"minecraft:shears":1,"minecraft:hay_block":7,"minecraft:gold_ingot":26,"minecraft:glow_berries":6,"minecraft:mutton":4,"minecraft:bone_block":17,"minecraft:white_wool":3,"minecraft:clock":1,"minecraft:salmon":1,"minecraft:leather":40,"minecraft:oak_log":42,"minecraft:golden_boots":4,"minecraft:yellow_bed":15,"minecraft:gunpowder":18,"minecraft:blue_bed":5,"minecraft:white_banner":6,"minecraft:apple":18,"minecraft:stone_bricks":151,"minecraft:iron_ingot":116,"minecraft:iron_sword":9,"minecraft:book":23,"minecraft:pumpkin":30,"minecraft:sweet_berries":254,"minecraft:stone_brick_slab":1,"minecraft:quartz":118,"minecraft:dandelion":22,"minecraft:raw_iron_block":1,"minecraft:dripstone_block":13,"minecraft:gravel":4,"minecraft:amethyst_shard":49,"minecraft:spruce_sapling":117,"minecraft:blast_furnace":3,"minecraft:white_bed":3,"minecraft:spruce_log":505,"minecraft:spruce_door":5,"minecraft:spider_eye":5,"minecraft:pumpkin_seeds":7,"minecraft:stone_axe":1,"minecraft:iron_helmet":6,"minecraft:gray_wool":159,"minecraft:warped_roots":2,"minecraft:baked_potato":71,"minecraft:black_wool":1,"minecraft:coal":515,"minecraft:ender_pearl":5},"minecraft:used":{"minecraft:iron_shovel":756,"minecraft:ladder":5,"minecraft:spruce_slab":179,"minecraft:diamond_hoe":235,"minecraft:poppy":14,"minecraft:shield":120,"minecraft:chest":28,"minecraft:stone":1,"minecraft:iron_sword":468,"minecraft:bell":4,"minecraft:rotten_flesh":19,"minecraft:iron_chestplate":2,"minecraft:carrot":8,"minecraft:cyan_wool":4,"minecraft:obsidian":11,"minecraft:spruce_boat":2,"minecraft:grass_block":7,"minecraft:lantern":18,"minecraft:iron_helmet":1,"minecraft:stone_brick_stairs":23,"minecraft:stone_bricks":273,"minecraft:bow":51,"minecraft:sweet_berries":2,"minecraft:oak_sapling":7,"minecraft:furnace":9,"minecraft:egg":1,"minecraft:potato":255,"minecraft:diorite":12,"minecraft:spruce_door":3,"minecraft:stone_pickaxe":129,"minecraft:oak_planks":11,"minecraft:wooden_pickaxe":24,"minecraft:sugar_cane":18,"minecraft:blue_bed":6,"minecraft:light_blue_wool":4,"minecraft:blast_furnace":3,"minecraft:stone_brick_wall":6,"minecraft:shears":138,"minecraft:stone_button":11,"minecraft:bread":10,"minecraft:deepslate":1,"minecraft:gravel":4,"minecraft:smooth_stone_slab":2,"minecraft:andesite":6,"minecraft:chain":10,"minecraft:oak_boat":6,"minecraft:bone_meal":64,"minecraft:experience_bottle":3,"minecraft:oak_trapdoor":2,"minecraft:iron_bars":10,"minecraft:flint_and_steel":1,"minecraft:spruce_planks":108,"minecraft:stone_hoe":152,"minecraft:cooked_chicken":3,"minecraft:netherrack":20,"minecraft:torch":199,"minecraft:dirt":701,"minecraft:spruce_stairs":78,"minecraft:golden_shovel":32,"minecraft:andesite_wall":38,"minecraft:stone_brick_slab":2,"minecraft:wooden_axe":18,"minecraft:iron_block":1,"minecraft:iron_axe":451,"minecraft:barrel":2,"minecraft:cooked_beef":12,"minecraft:cobbled_deepslate":13,"minecraft:iron_leggings":1,"minecraft:wheat_seeds":80,"minecraft:cooked_mutton":4,"minecraft:water_bucket":236,"minecraft:baked_potato":95,"minecraft:blue_wool":5,"minecraft:cauldron":1,"minecraft:fletching_table":1,"minecraft:stonecutter":6,"minecraft:spruce_fence_gate":24,"minecraft:mossy_cobblestone":1,"minecraft:crafting_table":16,"minecraft:white_bed":1,"minecraft:smoker":8,"minecraft:spruce_log":261,"minecraft:diamond_pickaxe":419,"minecraft:iron_pickaxe":877,"minecraft:spruce_trapdoor":54,"minecraft:spruce_sapling":10,"minecraft:stone_axe":66,"minecraft:cobblestone":59,"minecraft:cooked_porkchop":11,"minecraft:bucket":237,"minecraft:glass_pane":12,"minecraft:yellow_bed":13,"minecraft:dandelion":3,"minecraft:gray_wool":160},"minecraft:killed":{"minecraft:spider":15,"minecraft:skeleton":27,"minecraft:chicken":3,"minecraft:magma_cube":1,"minecraft:piglin":2,"minecraft:pig":8,"minecraft:zombie_villager":1,"minecraft:salmon":1,"minecraft:iron_golem":13,"minecraft:creeper":8,"minecraft:sheep":3,"minecraft:trader_llama":2,"minecraft:pillager":12,"minecraft:zombie":44,"minecraft:cow":15,"minecraft:vindicator":3,"minecraft:phantom":2,"minecraft:drowned":2,"minecraft:enderman":9},"minecraft:mined":{"minecraft:spruce_planks":24,"minecraft:white_bed":1,"minecraft:farmland":2,"minecraft:sculk_vein":4,"minecraft:brewing_stand":3,"minecraft:obsidian":15,"minecraft:spruce_trapdoor":22,"minecraft:stone_brick_wall":6,"minecraft:grass_block":565,"minecraft:blue_wool":5,"minecraft:oak_wall_sign":1,"minecraft:smooth_stone":1,"minecraft:tall_seagrass":2,"minecraft:raw_iron_block":1,"minecraft:glowstone":13,"minecraft:iron_ore":90,"minecraft:fire":20,"minecraft:pumpkin":15,"minecraft:fletching_table":2,"minecraft:deepslate_lapis_ore":18,"minecraft:azure_bluet":14,"minecraft:sculk_shrieker":8,"minecraft:pointed_dripstone":5,"minecraft:water_cauldron":4,"minecraft:dirt_path":23,"minecraft:spruce_slab":34,"minecraft:deepslate_redstone_ore":11,"minecraft:smoker":7,"minecraft:torch":10,"minecraft:poppy":1,"minecraft:chest":19,"minecraft:white_stained_glass_pane":1,"minecraft:spruce_wall_sign":1,"minecraft:nether_quartz_ore":96,"minecraft:cobblestone":33,"minecraft:sugar_cane":75,"minecraft:oak_planks":5,"minecraft:wall_torch":2,"minecraft:spruce_sign":1,"minecraft:cauldron":1,"minecraft:white_terracotta":1,"minecraft:chain":4,"minecraft:cyan_wool":4,"minecraft:wheat":78,"minecraft:tnt":1,"minecraft:stone_brick_stairs":9,"minecraft:yellow_stained_glass_pane":1,"minecraft:grass":146,"minecraft:oak_log":30,"minecraft:beetroots":6,"minecraft:sand":54,"minecraft:dirt":262,"minecraft:stonecutter":6,"minecraft:netherrack":91,"minecraft:oak_leaves":31,"minecraft:deepslate":83,"minecraft:tuff":25,"minecraft:light_blue_wool":4,"minecraft:mossy_cobblestone":1,"minecraft:deepslate_diamond_ore":7,"minecraft:ladder":2,"minecraft:stone_button":3,"minecraft:spruce_leaves":202,"minecraft:large_fern":16,"minecraft:hay_block":7,"minecraft:redstone_ore":7,"minecraft:oak_trapdoor":1,"minecraft:spruce_sapling":2,"minecraft:furnace":8,"minecraft:carrots":26,"minecraft:andesite":109,"minecraft:stripped_spruce_log":8,"minecraft:bell":7,"minecraft:potatoes":199,"minecraft:deepslate_iron_ore":97,"minecraft:lantern":1,"minecraft:stone":189,"minecraft:bone_block":17,"minecraft:glass_pane":1,"minecraft:stone_brick_slab":1,"minecraft:spruce_door":1,"minecraft:dandelion":9,"minecraft:crafting_table":12,"minecraft:cornflower":1,"minecraft:emerald_ore":1,"minecraft:sculk_sensor":8,"minecraft:andesite_wall":4,"minecraft:tall_grass":29,"minecraft:lapis_ore":5,"minecraft:deepslate_gold_ore":43,"minecraft:sculk":138,"minecraft:blue_bed":5,"minecraft:diorite":27,"minecraft:spruce_stairs":12,"minecraft:gray_wool":162,"minecraft:sweet_berry_bush":42,"minecraft:spruce_log":70,"minecraft:yellow_bed":12,"minecraft:coal_ore":212,"minecraft:gravel":4,"minecraft:dripstone_block":14,"minecraft:gray_carpet":3,"minecraft:cracked_stone_bricks":1,"minecraft:spruce_fence_gate":1,"minecraft:stone_bricks":118,"minecraft:fern":10},"minecraft:broken":{"minecraft:iron_shovel":3,"minecraft:golden_shovel":1,"minecraft:stone_pickaxe":1,"minecraft:iron_sword":1,"minecraft:stone_hoe":2,"minecraft:iron_axe":2,"minecraft:iron_pickaxe":3},"minecraft:crafted":{"minecraft:smooth_stone":9,"minecraft:oak_planks":132,"minecraft:barrel":2,"minecraft:oak_sign":3,"minecraft:chain":12,"minecraft:cooked_chicken":3,"minecraft:stone":260,"minecraft:bookshelf":10,"minecraft:cooked_mutton":4,"minecraft:iron_bars":16,"minecraft:glass":16,"minecraft:stone_brick_slab":2,"minecraft:bow":3,"minecraft:iron_boots":2,"minecraft:chest":13,"minecraft:stone_hoe":1,"minecraft:stone_bricks":20,"minecraft:smoker":1,"minecraft:deepslate":1,"minecraft:arrow":4,"minecraft:cooked_porkchop":11,"minecraft:crafting_table":5,"minecraft:spruce_planks":644,"minecraft:wooden_pickaxe":1,"minecraft:baked_potato":84,"minecraft:iron_helmet":1,"minecraft:spruce_door":3,"minecraft:fletching_table":1,"minecraft:stone_brick_stairs":12,"minecraft:spruce_trapdoor":34,"minecraft:book":9,"minecraft:iron_chestplate":1,"minecraft:paper":27,"minecraft:diamond_pickaxe":1,"minecraft:shield":2,"minecraft:stick":196,"minecraft:iron_ingot":196,"minecraft:iron_pickaxe":6,"minecraft:iron_block":1,"minecraft:gold_ingot":43,"minecraft:spruce_fence_gate":23,"minecraft:shears":1,"minecraft:raw_iron":9,"minecraft:stone_brick_wall":5,"minecraft:iron_nugget":108,"minecraft:furnace":6,"minecraft:stone_button":10,"minecraft:blast_furnace":3,"minecraft:bone_meal":60,"minecraft:spruce_fence":24,"minecraft:andesite_wall":15,"minecraft:glass_pane":32,"minecraft:oak_trapdoor":2,"minecraft:lantern":13,"minecraft:spruce_stairs":76,"minecraft:iron_axe":5,"minecraft:ladder":3,"minecraft:spruce_slab":216,"minecraft:stone_pickaxe":1,"minecraft:spruce_boat":1,"minecraft:wheat":63,"minecraft:cooked_beef":12,"minecraft:spruce_sign":6,"minecraft:iron_sword":5,"minecraft:blue_bed":1,"minecraft:bucket":1,"minecraft:stone_axe":1,"minecraft:bread":27,"minecraft:air":0,"minecraft:blue_dye":1,"minecraft:oak_boat":1,"minecraft:gold_nugget":9,"minecraft:wooden_axe":1,"minecraft:iron_shovel":3,"minecraft:iron_leggings":1,"minecraft:white_bed":1,"minecraft:torch":208},"minecraft:killed_by":{"minecraft:vindicator":1,"minecraft:skeleton":1},"minecraft:custom":{"minecraft:interact_with_crafting_table":134,"minecraft:open_barrel":15,"minecraft:bell_ring":116,"minecraft:leave_game":21,"minecraft:time_since_death":34766,"minecraft:sprint_one_cm":1692440,"minecraft:damage_blocked_by_shield":3608,"minecraft:drop":78,"minecraft:talked_to_villager":100,"minecraft:play_time":892331,"minecraft:deaths":6,"minecraft:jump":9496,"minecraft:walk_on_water_one_cm":94625,"minecraft:interact_with_furnace":173,"minecraft:sleep_in_bed":20,"minecraft:damage_dealt":41329,"minecraft:player_kills":1,"minecraft:crouch_one_cm":177428,"minecraft:interact_with_smoker":77,"minecraft:inspect_dispenser":17,"minecraft:horse_one_cm":7080,"minecraft:mob_kills":175,"minecraft:interact_with_anvil":1,"minecraft:climb_one_cm":16133,"minecraft:walk_one_cm":1855420,"minecraft:raid_win":1,"minecraft:sneak_time":53854,"minecraft:walk_under_water_one_cm":169887,"minecraft:boat_one_cm":61351,"minecraft:interact_with_blast_furnace":42,"minecraft:total_world_time":892331,"minecraft:raid_trigger":1,"minecraft:interact_with_stonecutter":32,"minecraft:time_since_rest":34788,"minecraft:damage_taken":6109,"minecraft:swim_one_cm":124926,"minecraft:fly_one_cm":1659510,"minecraft:open_chest":645,"minecraft:fall_one_cm":264024}},"DataVersion":3465}