{"stats":{"minecraft:killed_by":{"minecraft:creeper":1,"minecraft:zombie":1,"minecraft:enderman":1,"minecraft:drowned":1},"minecraft:custom":{"minecraft:interact_with_furnace":6,"minecraft:mob_kills":17,"minecraft:interact_with_crafting_table":6,"minecraft:leave_game":1,"minecraft:time_since_death":52115,"minecraft:climb_one_cm":1552,"minecraft:time_since_rest":52138,"minecraft:sprint_one_cm":123269,"minecraft:damage_taken":1639,"minecraft:walk_one_cm":165421,"minecraft:drop":25,"minecraft:damage_dealt":2259,"minecraft:swim_one_cm":53612,"minecraft:fly_one_cm":202606,"minecraft:open_chest":20,"minecraft:crouch_one_cm":33521,"minecraft:play_time":85128,"minecraft:deaths":4,"minecraft:sneak_time":9455,"minecraft:walk_under_water_one_cm":23561,"minecraft:boat_one_cm":307679,"minecraft:jump":1315,"minecraft:walk_on_water_one_cm":25494,"minecraft:total_world_time":85128,"minecraft:fall_one_cm":50025},"minecraft:picked_up":{"minecraft:wooden_axe":1,"minecraft:spruce_leaves":8,"minecraft:crafting_table":2,"minecraft:magma_block":1,"minecraft:wheat":2,"minecraft:feather":7,"minecraft:chicken":6,"minecraft:andesite":4,"minecraft:jungle_log":6,"minecraft:golden_pickaxe":1,"minecraft:wooden_pickaxe":1,"minecraft:filled_map":2,"minecraft:flint":1,"minecraft:tuff":3,"minecraft:oak_log":14,"minecraft:golden_boots":1,"minecraft:shield":1,"minecraft:dirt":32,"minecraft:paper":12,"minecraft:bone":1,"minecraft:apple":2,"minecraft:wheat_seeds":7,"minecraft:cobbled_deepslate":2,"minecraft:stone_pickaxe":2,"minecraft:oak_boat":1,"minecraft:iron_nugget":9,"minecraft:sugar_cane":4,"minecraft:chest":1,"minecraft:oak_planks":9,"minecraft:sculk_catalyst":2,"minecraft:stick":4,"minecraft:raw_iron":5,"minecraft:sculk":4,"minecraft:porkchop":3,"minecraft:jungle_planks":16,"minecraft:diorite":2,"minecraft:sculk_sensor":5,"minecraft:stone_sword":8,"minecraft:arrow":6,"minecraft:rotten_flesh":8,"minecraft:stone_shovel":1,"minecraft:stone_axe":1,"minecraft:golden_apple":1,"minecraft:gray_wool":1,"minecraft:netherrack":6,"minecraft:obsidian":1,"minecraft:mutton":10,"minecraft:coal":21,"minecraft:white_wool":6,"minecraft:cobblestone":58,"minecraft:oxeye_daisy":1},"minecraft:used":{"minecraft:golden_boots":1,"minecraft:cooked_mutton":4,"minecraft:stone_sword":39,"minecraft:stone_shovel":3,"minecraft:stone_pickaxe":31,"minecraft:diamond_hoe":16,"minecraft:wooden_pickaxe":26,"minecraft:rotten_flesh":2,"minecraft:spruce_leaves":3,"minecraft:torch":18,"minecraft:golden_apple":1,"minecraft:mutton":5,"minecraft:crafting_table":2,"minecraft:apple":1,"minecraft:stone_axe":6,"minecraft:cobblestone":2,"minecraft:cooked_porkchop":2,"minecraft:furnace":1,"minecraft:porkchop":1,"minecraft:golden_pickaxe":14},"minecraft:broken":{"minecraft:wooden_pickaxe":1},"minecraft:killed":{"minecraft:pig":1,"minecraft:sheep":6,"minecraft:zombie":4,"minecraft:chicken":6},"minecraft:dropped":{"minecraft:porkchop":2,"minecraft:wheat_seeds":6,"minecraft:stone_sword":5,"minecraft:wheat":2,"minecraft:obsidian":1,"minecraft:chicken":6,"minecraft:rotten_flesh":1,"minecraft:oxeye_daisy":1,"minecraft:filled_map":2,"minecraft:dirt":3,"minecraft:gray_wool":1,"minecraft:diorite":1,"minecraft:mutton":5,"minecraft:andesite":3,"minecraft:jungle_log":1,"minecraft:bone_meal":3,"minecraft:white_wool":3},"minecraft:crafted":{"minecraft:oak_planks":40,"minecraft:stone_shovel":1,"minecraft:cooked_porkchop":2,"minecraft:crafting_table":1,"minecraft:furnace":1,"minecraft:bone_meal":3,"minecraft:stone_axe":2,"minecraft:cooked_mutton":4,"minecraft:air":0,"minecraft:jungle_planks":12,"minecraft:flint_and_steel":1,"minecraft:stick":40,"minecraft:iron_ingot":1,"minecraft:stone_pickaxe":2,"minecraft:stone_sword":6,"minecraft:white_bed":1,"minecraft:torch":24},"minecraft:mined":{"minecraft:tuff":4,"minecraft:sculk_vein":1,"minecraft:crafting_table":1,"minecraft:short_grass":4,"minecraft:grass_block":1,"minecraft:chest":1,"minecraft:jungle_log":2,"minecraft:sculk_sensor":5,"minecraft:sugar_cane":1,"minecraft:sculk":6,"minecraft:oxeye_daisy":1,"minecraft:sculk_catalyst":3,"minecraft:iron_ore":5,"minecraft:sculk_shrieker":1,"minecraft:vine":9,"minecraft:oak_log":13,"minecraft:coal_ore":16,"minecraft:stone":36,"minecraft:netherrack":6,"minecraft:deepslate":1,"minecraft:oak_leaves":6,"minecraft:fern":5}},"DataVersion":3953}