{"stats":{"minecraft:killed":{"minecraft:zombified_piglin":19,"minecraft:spider":1,"minecraft:slime":10,"minecraft:skeleton":8,"minecraft:drowned":1,"minecraft:piglin":2,"minecraft:pig":2,"minecraft:zombie_villager":2,"minecraft:salmon":27,"minecraft:creeper":2,"minecraft:zombie":12,"minecraft:enderman":7},"minecraft:killed_by":{"minecraft:player":5},"minecraft:crafted":{"minecraft:oak_planks":176,"minecraft:stone_shovel":1,"minecraft:oak_sign":9,"minecraft:furnace":5,"minecraft:cobblestone_stairs":128,"minecraft:bone_meal":6,"minecraft:glass":192,"minecraft:iron_boots":1,"minecraft:polished_diorite":1076,"minecraft:iron_axe":2,"minecraft:iron_hoe":3,"minecraft:spruce_slab":66,"minecraft:stone_pickaxe":2,"minecraft:chest":16,"minecraft:polished_diorite_slab":108,"minecraft:crafting_table":2,"minecraft:spruce_planks":88,"minecraft:wooden_pickaxe":1,"minecraft:baked_potato":178,"minecraft:iron_helmet":1,"minecraft:iron_sword":1,"minecraft:spruce_door":6,"minecraft:cooked_salmon":24,"minecraft:bucket":2,"minecraft:stone_axe":1,"minecraft:air":0,"minecraft:oak_boat":1,"minecraft:iron_chestplate":1,"minecraft:charcoal":49,"minecraft:shield":1,"minecraft:stick":120,"minecraft:iron_ingot":113,"minecraft:iron_pickaxe":13,"minecraft:iron_shovel":5,"minecraft:iron_leggings":1,"minecraft:torch":268,"minecraft:polished_diorite_stairs":220},"minecraft:mined":{"minecraft:nether_gold_ore":32,"minecraft:deepslate_diamond_ore":1,"minecraft:cobblestone_stairs":5,"minecraft:sculk_vein":75,"minecraft:granite":7,"minecraft:grass_block":566,"minecraft:polished_diorite":28,"minecraft:spruce_leaves":85,"minecraft:oak_wall_sign":4,"minecraft:large_fern":2,"minecraft:tall_seagrass":1,"minecraft:magma_block":4,"minecraft:redstone_ore":3,"minecraft:furnace":6,"minecraft:fire":20,"minecraft:iron_ore":126,"minecraft:cobbled_deepslate":9,"minecraft:andesite":22,"minecraft:pumpkin":1,"minecraft:deepslate_lapis_ore":11,"minecraft:azure_bluet":5,"minecraft:pointed_dripstone":36,"minecraft:potatoes":166,"minecraft:dirt_path":2,"minecraft:deepslate_iron_ore":18,"minecraft:stone":1503,"minecraft:spruce_slab":42,"minecraft:deepslate_redstone_ore":4,"minecraft:dandelion":54,"minecraft:crafting_table":11,"minecraft:torch":35,"minecraft:chest":5,"minecraft:polished_diorite_slab":2,"minecraft:nether_quartz_ore":120,"minecraft:tall_grass":2,"minecraft:copper_ore":11,"minecraft:cobblestone":92,"minecraft:deepslate_gold_ore":10,"minecraft:lapis_ore":7,"minecraft:sculk":236,"minecraft:diorite":1105,"minecraft:spruce_sign":1,"minecraft:wall_torch":22,"minecraft:polished_diorite_stairs":37,"minecraft:seagrass":4,"minecraft:purple_bed":1,"minecraft:sweet_berry_bush":1,"minecraft:spruce_log":13,"minecraft:grass":81,"minecraft:coal_ore":90,"minecraft:oak_log":10,"minecraft:dripstone_block":7,"minecraft:gravel":79,"minecraft:sand":192,"minecraft:dirt":442,"minecraft:netherrack":203,"minecraft:gold_ore":4,"minecraft:oak_leaves":119,"minecraft:deepslate":63,"minecraft:fern":1},"minecraft:used":{"minecraft:iron_shovel":1063,"minecraft:spruce_slab":46,"minecraft:stone_shovel":131,"minecraft:oak_sign":8,"minecraft:chest":17,"minecraft:shield":17,"minecraft:iron_sword":270,"minecraft:cooked_salmon":16,"minecraft:rotten_flesh":2,"minecraft:netherrack":178,"minecraft:iron_chestplate":2,"minecraft:torch":379,"minecraft:dirt":935,"minecraft:granite":6,"minecraft:azure_bluet":1,"minecraft:polished_diorite":479,"minecraft:glass":113,"minecraft:iron_hoe":367,"minecraft:iron_axe":62,"minecraft:iron_helmet":2,"minecraft:iron_boots":2,"minecraft:magma_block":4,"minecraft:sweet_berries":2,"minecraft:furnace":11,"minecraft:oak_sapling":2,"minecraft:polished_diorite_stairs":256,"minecraft:potato":309,"minecraft:cobbled_deepslate":54,"minecraft:iron_leggings":2,"minecraft:pointed_dripstone":42,"minecraft:water_bucket":89,"minecraft:diorite":18,"minecraft:cobblestone_stairs":92,"minecraft:spruce_door":5,"minecraft:stone_pickaxe":262,"minecraft:baked_potato":53,"minecraft:polished_diorite_slab":102,"minecraft:wooden_pickaxe":19,"minecraft:salmon":1,"minecraft:crafting_table":14,"minecraft:dripstone_block":7,"minecraft:spruce_log":58,"minecraft:bread":5,"minecraft:iron_pickaxe":3313,"minecraft:gravel":2,"minecraft:stone_axe":18,"minecraft:cobblestone":357,"minecraft:purple_bed":1,"minecraft:bucket":91,"minecraft:andesite":17,"minecraft:bone_meal":6},"minecraft:dropped":{"minecraft:enchanted_book":3,"minecraft:spruce_sign":3,"minecraft:iron_sword":1,"minecraft:crafting_table":1,"minecraft:cobblestone":635,"minecraft:spruce_fence_gate":1,"minecraft:iron_boots":1,"minecraft:spruce_fence":22,"minecraft:potato":86,"minecraft:oak_boat":1,"minecraft:arrow":8},"minecraft:picked_up":{"minecraft:iron_chestplate":6,"minecraft:crafting_table":14,"minecraft:azure_bluet":6,"minecraft:enchanted_book":3,"minecraft:shield":6,"minecraft:string":2,"minecraft:raw_copper":43,"minecraft:iron_axe":6,"minecraft:iron_leggings":6,"minecraft:iron_shovel":8,"minecraft:oak_sign":6,"minecraft:gold_nugget":135,"minecraft:cobbled_deepslate":69,"minecraft:spruce_planks":128,"minecraft:oak_boat":1,"minecraft:player_head":1,"minecraft:iron_pickaxe":11,"minecraft:spruce_slab":158,"minecraft:chest":5,"minecraft:iron_boots":7,"minecraft:furnace":6,"minecraft:stick":45,"minecraft:raw_iron":137,"minecraft:torch":335,"minecraft:spruce_stairs":1,"minecraft:spruce_fence":22,"minecraft:porkchop":5,"minecraft:pointed_dripstone":110,"minecraft:diorite":1105,"minecraft:carrot":1,"minecraft:redstone":32,"minecraft:arrow":20,"minecraft:rotten_flesh":29,"minecraft:cobblestone":2233,"minecraft:magma_block":4,"minecraft:polished_diorite_slab":23,"minecraft:andesite":22,"minecraft:water_bucket":3,"minecraft:salmon":25,"minecraft:red_mushroom":2,"minecraft:potato":953,"minecraft:flint":7,"minecraft:oak_log":44,"minecraft:gunpowder":3,"minecraft:cobblestone_stairs":6,"minecraft:dirt":1101,"minecraft:lapis_lazuli":114,"minecraft:glass":158,"minecraft:bone":7,"minecraft:apple":1,"minecraft:bow":2,"minecraft:wheat_seeds":18,"minecraft:raw_gold":14,"minecraft:iron_ingot":1,"minecraft:iron_sword":7,"minecraft:pumpkin":1,"minecraft:sweet_berries":2,"minecraft:quartz":120,"minecraft:dandelion":64,"minecraft:poisonous_potato":2,"minecraft:dripstone_block":7,"minecraft:gravel":84,"minecraft:sand":192,"minecraft:spruce_sapling":63,"minecraft:spruce_log":167,"minecraft:iron_hoe":6,"minecraft:polished_diorite_stairs":76,"minecraft:spruce_fence_gate":1,"minecraft:purple_bed":1,"minecraft:slime_ball":11,"minecraft:diamond":1,"minecraft:polished_diorite":412,"minecraft:iron_helmet":6,"minecraft:granite":8,"minecraft:spruce_sign":3,"minecraft:warped_roots":1,"minecraft:bread":5,"minecraft:warped_nylium":1,"minecraft:baked_potato":121,"minecraft:oak_sapling":9,"minecraft:netherrack":224,"minecraft:coal":99,"minecraft:ender_pearl":5},"minecraft:broken":{"minecraft:iron_shovel":4,"minecraft:stone_pickaxe":2,"minecraft:iron_pickaxe":13,"minecraft:stone_shovel":1,"minecraft:iron_hoe":1},"minecraft:custom":{"minecraft:mob_kills":94,"minecraft:interact_with_crafting_table":46,"minecraft:leave_game":5,"minecraft:time_since_death":51472,"minecraft:sprint_one_cm":871214,"minecraft:walk_one_cm":1530669,"minecraft:damage_blocked_by_shield":515,"minecraft:drop":48,"minecraft:play_time":522500,"minecraft:deaths":6,"minecraft:sneak_time":45419,"minecraft:walk_under_water_one_cm":154904,"minecraft:boat_one_cm":13211,"minecraft:jump":6139,"minecraft:walk_on_water_one_cm":112330,"minecraft:total_world_time":522500,"minecraft:interact_with_furnace":148,"minecraft:sleep_in_bed":14,"minecraft:time_since_rest":41359,"minecraft:damage_taken":4311,"minecraft:damage_dealt":12957,"minecraft:swim_one_cm":69022,"minecraft:fly_one_cm":811188,"minecraft:open_chest":140,"minecraft:crouch_one_cm":129657,"minecraft:fall_one_cm":152747}},"DataVersion":3465}