{"stats":{"minecraft:broken":{"minecraft:stone_pickaxe":1,"minecraft:stone_axe":2,"minecraft:stone_shovel":2,"minecraft:iron_axe":1,"minecraft:iron_helmet":1},"minecraft:picked_up":{"minecraft:iron_chestplate":6,"minecraft:anvil":1,"minecraft:diamond_sword":1,"minecraft:enchanted_book":6,"minecraft:potion":1,"minecraft:stone_brick_stairs":1,"minecraft:string":7,"minecraft:raw_copper":26,"minecraft:cooked_salmon":22,"minecraft:iron_leggings":6,"minecraft:oak_sign":3,"minecraft:diamond_leggings":1,"minecraft:gold_nugget":40,"minecraft:cobbled_deepslate":49,"minecraft:spruce_planks":128,"minecraft:cobblestone_slab":79,"minecraft:iron_pickaxe":2,"minecraft:iron_boots":4,"minecraft:furnace":1,"minecraft:stick":334,"minecraft:composter":2,"minecraft:torch":25,"minecraft:spruce_stairs":249,"minecraft:porkchop":7,"minecraft:diorite":4,"minecraft:stone_sword":1,"minecraft:rotten_flesh":41,"minecraft:iron_block":15,"minecraft:white_terracotta":2,"minecraft:obsidian":14,"minecraft:cod":8,"minecraft:cobblestone":1189,"minecraft:feather":2,"minecraft:water_bucket":6,"minecraft:andesite":13,"minecraft:potato":684,"minecraft:flint":10,"minecraft:dirt":575,"minecraft:lapis_lazuli":35,"minecraft:glass":20,"minecraft:bone":18,"minecraft:stonecutter":2,"minecraft:bow":3,"minecraft:wheat_seeds":52,"minecraft:raw_gold":8,"minecraft:bell":1,"minecraft:grindstone":4,"minecraft:glowstone_dust":57,"minecraft:oak_planks":7,"minecraft:stone_hoe":2,"minecraft:poisonous_potato":2,"minecraft:sand":26,"minecraft:iron_hoe":1,"minecraft:spruce_fence_gate":7,"minecraft:diamond":8,"minecraft:spruce_boat":4,"minecraft:cracked_polished_blackstone_bricks":1,"minecraft:granite":5,"minecraft:bone_meal":7,"minecraft:golden_apple":2,"minecraft:bread":44,"minecraft:spruce_sign":3,"minecraft:emerald":11,"minecraft:oak_sapling":10,"minecraft:netherrack":276,"minecraft:diamond_pickaxe":6,"minecraft:charcoal":2,"minecraft:spruce_leaves":1,"minecraft:crafting_table":18,"minecraft:chicken":3,"minecraft:ladder":5,"minecraft:clay_ball":8,"minecraft:gold_block":6,"minecraft:shield":1,"minecraft:cornflower":1,"minecraft:oak_trapdoor":3,"minecraft:iron_axe":5,"minecraft:large_fern":2,"minecraft:flint_and_steel":3,"minecraft:iron_shovel":4,"minecraft:blackstone":4,"minecraft:beef":6,"minecraft:oak_boat":10,"minecraft:player_head":1,"minecraft:iron_nugget":14,"minecraft:poppy":24,"minecraft:spruce_slab":292,"minecraft:chest":21,"minecraft:sugar_cane":12,"minecraft:birch_sapling":1,"minecraft:piston":15,"minecraft:diamond_hoe":1,"minecraft:raw_iron":23,"minecraft:spruce_fence":182,"minecraft:polished_blackstone_bricks":72,"minecraft:carrot":46,"minecraft:redstone":53,"minecraft:tnt":5,"minecraft:arrow":16,"minecraft:beetroot_seeds":1,"minecraft:peony":1,"minecraft:golden_hoe":1,"minecraft:hay_block":17,"minecraft:saddle":1,"minecraft:gold_ingot":19,"minecraft:mutton":1,"minecraft:oxeye_daisy":1,"minecraft:clock":1,"minecraft:leather":4,"minecraft:blackstone_slab":1,"minecraft:oak_log":116,"minecraft:golden_boots":1,"minecraft:yellow_bed":16,"minecraft:cobblestone_wall":60,"minecraft:gunpowder":5,"minecraft:cobblestone_stairs":49,"minecraft:blue_bed":1,"minecraft:paper":6,"minecraft:apple":10,"minecraft:heart_of_the_sea":1,"minecraft:iron_ingot":126,"minecraft:stone_pickaxe":1,"minecraft:iron_sword":7,"minecraft:oak_slab":31,"minecraft:sweet_berries":101,"minecraft:quartz":442,"minecraft:dandelion":1,"minecraft:gravel":1,"minecraft:spruce_sapling":121,"minecraft:blast_furnace":7,"minecraft:white_bed":17,"minecraft:spruce_log":825,"minecraft:spider_eye":2,"minecraft:iron_helmet":6,"minecraft:diamond_axe":1,"minecraft:baked_potato":57,"minecraft:black_wool":1,"minecraft:coal":107},"minecraft:killed_by":{"minecraft:player":1},"minecraft:dropped":{"minecraft:iron_sword":3,"minecraft:glass_bottle":1,"minecraft:leather":2,"minecraft:cobblestone_stairs":1,"minecraft:dirt":2,"minecraft:cornflower":1,"minecraft:gold_nugget":6,"minecraft:bone_meal":6,"minecraft:iron_pickaxe":2,"minecraft:bone":1,"minecraft:gravel":1,"minecraft:blackstone":2,"minecraft:cobbled_deepslate":7,"minecraft:birch_sapling":1,"minecraft:rotten_flesh":35,"minecraft:oak_planks":7,"minecraft:golden_shovel":1,"minecraft:poppy":13,"minecraft:gunpowder":3,"minecraft:beetroot_seeds":1,"minecraft:arrow":1,"minecraft:beef":2,"minecraft:stone_brick_stairs":1,"minecraft:netherrack":54,"minecraft:enchanted_book":6,"minecraft:stone_hoe":2,"minecraft:bread":1,"minecraft:wheat_seeds":11,"minecraft:clock":1,"minecraft:diamond_leggings":1,"minecraft:poisonous_potato":2,"minecraft:feather":2,"minecraft:cobblestone":1,"minecraft:iron_helmet":1,"minecraft:granite":5,"minecraft:stick":8,"minecraft:spruce_fence_gate":1,"minecraft:oxeye_daisy":1,"minecraft:iron_block":1,"minecraft:wooden_axe":1,"minecraft:iron_leggings":2,"minecraft:iron_shovel":1,"minecraft:string":5,"minecraft:dandelion":1,"minecraft:oak_trapdoor":1,"minecraft:player_head":1,"minecraft:stone_sword":2,"minecraft:raw_copper":26,"minecraft:diamond_hoe":1,"minecraft:iron_boots":1,"minecraft:iron_hoe":1,"minecraft:white_terracotta":2,"minecraft:filled_map":1,"minecraft:potato":114,"minecraft:shield":1,"minecraft:peony":1,"minecraft:andesite":13,"minecraft:iron_chestplate":1,"minecraft:oak_boat":1,"minecraft:oak_sapling":6,"minecraft:spider_eye":2,"minecraft:spruce_log":7,"minecraft:bow":1,"minecraft:stone_pickaxe":2,"minecraft:wooden_pickaxe":1,"minecraft:bell":1,"minecraft:black_wool":1},"minecraft:custom":{"minecraft:interact_with_crafting_table":85,"minecraft:bell_ring":98,"minecraft:leave_game":8,"minecraft:time_since_death":22860,"minecraft:sprint_one_cm":2395509,"minecraft:drop":124,"minecraft:talked_to_villager":24,"minecraft:play_time":768793,"minecraft:deaths":5,"minecraft:jump":9341,"minecraft:walk_on_water_one_cm":36141,"minecraft:interact_with_furnace":64,"minecraft:sleep_in_bed":16,"minecraft:damage_dealt":34716,"minecraft:player_kills":5,"minecraft:crouch_one_cm":131384,"minecraft:inspect_dispenser":20,"minecraft:mob_kills":112,"minecraft:interact_with_anvil":2,"minecraft:climb_one_cm":12751,"minecraft:walk_one_cm":786896,"minecraft:raid_win":1,"minecraft:sneak_time":48168,"minecraft:walk_under_water_one_cm":57923,"minecraft:boat_one_cm":775137,"minecraft:interact_with_blast_furnace":4,"minecraft:total_world_time":768793,"minecraft:time_since_rest":22887,"minecraft:damage_taken":8537,"minecraft:swim_one_cm":157101,"minecraft:fly_one_cm":1805465,"minecraft:open_chest":209,"minecraft:fall_one_cm":335242},"minecraft:mined":{"minecraft:white_bed":17,"minecraft:spruce_planks":12,"minecraft:farmland":1,"minecraft:cobblestone_stairs":32,"minecraft:sculk_vein":2,"minecraft:granite":5,"minecraft:grass_block":189,"minecraft:cracked_polished_blackstone_bricks":7,"minecraft:deepslate_bricks":1,"minecraft:composter":2,"minecraft:oak_wall_sign":4,"minecraft:oxeye_daisy":1,"minecraft:gilded_blackstone":1,"minecraft:polished_blackstone_bricks":88,"minecraft:tall_seagrass":2,"minecraft:magma_block":15,"minecraft:glowstone":18,"minecraft:fire":23,"minecraft:iron_ore":23,"minecraft:cobbled_deepslate":4,"minecraft:anvil":1,"minecraft:sculk_shrieker":2,"minecraft:pointed_dripstone":2,"minecraft:dirt_path":51,"minecraft:iron_block":14,"minecraft:spruce_slab":37,"minecraft:deepslate_redstone_ore":4,"minecraft:blackstone":69,"minecraft:crimson_nylium":1,"minecraft:clay":2,"minecraft:torch":1,"minecraft:blast_furnace":7,"minecraft:poppy":3,"minecraft:chest":11,"minecraft:spruce_wall_sign":1,"minecraft:nether_quartz_ore":262,"minecraft:cobblestone":115,"minecraft:grindstone":2,"minecraft:sugar_cane":9,"minecraft:wall_torch":3,"minecraft:seagrass":1,"minecraft:wheat":27,"minecraft:tnt":3,"minecraft:stone_brick_stairs":1,"minecraft:grass":197,"minecraft:oak_log":64,"minecraft:beetroots":1,"minecraft:sand":4,"minecraft:dirt":359,"minecraft:stonecutter":2,"minecraft:netherrack":239,"minecraft:piston":15,"minecraft:oak_leaves":13,"minecraft:deepslate":36,"minecraft:nether_gold_ore":5,"minecraft:diamond_ore":1,"minecraft:deepslate_diamond_ore":6,"minecraft:ladder":5,"minecraft:spruce_fence":2,"minecraft:spruce_leaves":29,"minecraft:large_fern":17,"minecraft:hay_block":17,"minecraft:redstone_ore":7,"minecraft:oak_trapdoor":1,"minecraft:furnace":1,"minecraft:carrots":19,"minecraft:andesite":13,"minecraft:gold_block":3,"minecraft:potatoes":142,"minecraft:cobblestone_slab":24,"minecraft:stone":571,"minecraft:oak_slab":31,"minecraft:glass_pane":1,"minecraft:basalt":5,"minecraft:crafting_table":17,"minecraft:blackstone_slab":1,"minecraft:campfire":1,"minecraft:sculk_sensor":2,"minecraft:tall_grass":42,"minecraft:lapis_ore":2,"minecraft:deepslate_gold_ore":6,"minecraft:sculk":1,"minecraft:diorite":5,"minecraft:blue_bed":1,"minecraft:spruce_stairs":32,"minecraft:cobblestone_wall":32,"minecraft:sweet_berry_bush":17,"minecraft:spruce_log":38,"minecraft:birch_leaves":7,"minecraft:yellow_bed":16,"minecraft:coal_ore":78,"minecraft:gravel":1,"minecraft:cobweb":5,"minecraft:spruce_fence_gate":5,"minecraft:fern":6},"minecraft:killed":{"minecraft:spider":6,"minecraft:cod":8,"minecraft:skeleton":21,"minecraft:chicken":3,"minecraft:piglin_brute":2,"minecraft:piglin":7,"minecraft:pig":2,"minecraft:zombie_villager":1,"minecraft:iron_golem":18,"minecraft:creeper":1,"minecraft:sheep":1,"minecraft:zombie":30,"minecraft:cow":4,"minecraft:drowned":1,"minecraft:ravager":1,"minecraft:hoglin":1},"minecraft:crafted":{"minecraft:smooth_stone":3,"minecraft:oak_planks":296,"minecraft:cobblestone_slab":72,"minecraft:oak_sign":21,"minecraft:cooked_chicken":3,"minecraft:stone":3,"minecraft:cobblestone_stairs":52,"minecraft:glass":22,"minecraft:bow":1,"minecraft:iron_boots":2,"minecraft:chest":23,"minecraft:stone_hoe":2,"minecraft:oak_slab":60,"minecraft:cooked_porkchop":1,"minecraft:diamond_axe":1,"minecraft:crafting_table":12,"minecraft:spruce_planks":1052,"minecraft:wooden_pickaxe":1,"minecraft:baked_potato":126,"minecraft:iron_helmet":1,"minecraft:dispenser":1,"minecraft:iron_chestplate":1,"minecraft:diamond_pickaxe":1,"minecraft:stick":468,"minecraft:iron_ingot":32,"minecraft:iron_pickaxe":1,"minecraft:iron_block":5,"minecraft:stone_sword":1,"minecraft:gold_ingot":4,"minecraft:spruce_fence_gate":61,"minecraft:stone_shovel":2,"minecraft:furnace":4,"minecraft:blast_furnace":1,"minecraft:piston":2,"minecraft:bone_meal":183,"minecraft:spruce_fence":96,"minecraft:raw_copper_block":27,"minecraft:oak_trapdoor":12,"minecraft:spruce_stairs":168,"minecraft:iron_axe":5,"minecraft:ladder":6,"minecraft:spruce_slab":282,"minecraft:stone_pickaxe":2,"minecraft:cobblestone_wall":78,"minecraft:spruce_boat":1,"minecraft:wheat":153,"minecraft:cooked_beef":1,"minecraft:coal_block":16,"minecraft:cooked_cod":8,"minecraft:diamond_sword":1,"minecraft:spruce_sign":6,"minecraft:iron_sword":1,"minecraft:bucket":1,"minecraft:stone_axe":2,"minecraft:bread":48,"minecraft:air":0,"minecraft:oak_boat":2,"minecraft:wooden_axe":1,"minecraft:iron_shovel":2,"minecraft:iron_leggings":1,"minecraft:anvil":1,"minecraft:torch":144,"minecraft:lapis_block":15},"minecraft:used":{"minecraft:iron_shovel":221,"minecraft:ladder":11,"minecraft:spruce_slab":268,"minecraft:dispenser":1,"minecraft:poppy":9,"minecraft:oak_sign":3,"minecraft:chest":23,"minecraft:iron_sword":190,"minecraft:iron_chestplate":1,"minecraft:mutton":1,"minecraft:carrot":46,"minecraft:obsidian":2,"minecraft:spruce_boat":3,"minecraft:glass":12,"minecraft:iron_helmet":2,"minecraft:sweet_berries":46,"minecraft:oak_sapling":4,"minecraft:furnace":4,"minecraft:cooked_cod":8,"minecraft:potato":219,"minecraft:large_fern":1,"minecraft:stone_pickaxe":221,"minecraft:wooden_pickaxe":12,"minecraft:composter":2,"minecraft:blue_bed":1,"minecraft:golden_apple":3,"minecraft:sand":4,"minecraft:blast_furnace":7,"minecraft:bread":75,"minecraft:diamond_sword":7,"minecraft:oak_boat":7,"minecraft:bone_meal":172,"minecraft:oak_trapdoor":12,"minecraft:stone_sword":21,"minecraft:flint_and_steel":1,"minecraft:stone_shovel":272,"minecraft:spruce_planks":21,"minecraft:cooked_salmon":8,"minecraft:stone_hoe":161,"minecraft:cooked_chicken":3,"minecraft:netherrack":177,"minecraft:torch":73,"minecraft:dirt":492,"minecraft:anvil":2,"minecraft:spruce_stairs":132,"minecraft:cobblestone_wall":104,"minecraft:spruce_fence":28,"minecraft:wooden_axe":8,"minecraft:iron_block":14,"minecraft:iron_axe":410,"minecraft:iron_boots":1,"minecraft:cooked_beef":1,"minecraft:cobbled_deepslate":19,"minecraft:golden_axe":10,"minecraft:iron_leggings":1,"minecraft:wheat_seeds":38,"minecraft:water_bucket":65,"minecraft:cobblestone_stairs":74,"minecraft:baked_potato":93,"minecraft:spruce_sign":3,"minecraft:stonecutter":1,"minecraft:cobblestone_slab":61,"minecraft:spruce_fence_gate":66,"minecraft:tnt":4,"minecraft:oak_slab":40,"minecraft:crafting_table":25,"minecraft:white_bed":17,"minecraft:spruce_log":216,"minecraft:piston":15,"minecraft:diamond_pickaxe":1416,"minecraft:apple":3,"minecraft:iron_pickaxe":143,"minecraft:spruce_sapling":12,"minecraft:stone_axe":184,"minecraft:cobblestone":618,"minecraft:potion":1,"minecraft:cooked_porkchop":6,"minecraft:bucket":66,"minecraft:yellow_bed":16}},"DataVersion":3465}