{"stats":{"minecraft:killed_by":{"minecraft:creeper":1},"minecraft:custom":{"minecraft:mob_kills":20,"minecraft:interact_with_crafting_table":18,"minecraft:leave_game":6,"minecraft:time_since_death":75894,"minecraft:climb_one_cm":255,"minecraft:sprint_one_cm":160776,"minecraft:walk_one_cm":68018,"minecraft:drop":57,"minecraft:play_time":111005,"minecraft:sneak_time":8385,"minecraft:deaths":1,"minecraft:walk_under_water_one_cm":13132,"minecraft:boat_one_cm":306903,"minecraft:jump":1423,"minecraft:walk_on_water_one_cm":11541,"minecraft:total_world_time":111005,"minecraft:interact_with_furnace":10,"minecraft:time_since_rest":75926,"minecraft:damage_taken":1293,"minecraft:damage_dealt":3580,"minecraft:swim_one_cm":63306,"minecraft:fly_one_cm":156902,"minecraft:open_chest":54,"minecraft:crouch_one_cm":10365,"minecraft:fall_one_cm":44245},"minecraft:picked_up":{"minecraft:spruce_leaves":83,"minecraft:crafting_table":6,"minecraft:wheat":6,"minecraft:chicken":6,"minecraft:golden_pickaxe":1,"minecraft:sculk_shrieker":2,"minecraft:cobbled_deepslate":16,"minecraft:beef":9,"minecraft:oak_boat":1,"minecraft:sugar_cane":23,"minecraft:furnace":1,"minecraft:raw_iron":2,"minecraft:stick":7,"minecraft:fire_charge":1,"minecraft:porkchop":2,"minecraft:diorite":37,"minecraft:rotten_flesh":8,"minecraft:stone_sword":4,"minecraft:arrow":7,"minecraft:stone_shovel":2,"minecraft:mutton":6,"minecraft:obsidian":1,"minecraft:white_wool":3,"minecraft:cobblestone":166,"minecraft:oxeye_daisy":2,"minecraft:magma_block":1,"minecraft:jungle_log":9,"minecraft:andesite":12,"minecraft:leather":8,"minecraft:filled_map":1,"minecraft:flint":1,"minecraft:tuff":8,"minecraft:oak_log":13,"minecraft:golden_boots":1,"minecraft:dirt":39,"minecraft:cooked_mutton":1,"minecraft:bone":6,"minecraft:wheat_seeds":17,"minecraft:stone_pickaxe":1,"minecraft:sand":5,"minecraft:spruce_sapling":1,"minecraft:white_bed":1,"minecraft:dark_oak_log":12,"minecraft:stone_axe":1,"minecraft:granite":11,"minecraft:golden_apple":1,"minecraft:gray_wool":2,"minecraft:coal":26,"minecraft:netherrack":6,"minecraft:ender_pearl":1},"minecraft:used":{"minecraft:stone_shovel":12,"minecraft:chest":5,"minecraft:iron_sword":32,"minecraft:cooked_salmon":4,"minecraft:iron_chestplate":1,"minecraft:dirt":23,"minecraft:mutton":1,"minecraft:wooden_axe":19,"minecraft:iron_axe":4,"minecraft:iron_helmet":1,"minecraft:iron_boots":1,"minecraft:beef":5,"minecraft:furnace":1,"minecraft:cooked_cod":3,"minecraft:cooked_beef":4,"minecraft:cooked_mutton":1,"minecraft:water_bucket":6,"minecraft:diorite":2,"minecraft:dark_oak_sign":3,"minecraft:stone_pickaxe":112,"minecraft:oak_planks":2,"minecraft:wooden_pickaxe":32,"minecraft:golden_apple":1,"minecraft:crafting_table":8,"minecraft:white_bed":2,"minecraft:shears":103,"minecraft:map":1,"minecraft:iron_pickaxe":49,"minecraft:stone_axe":49,"minecraft:cobblestone":42,"minecraft:andesite":3,"minecraft:bucket":6,"minecraft:oak_boat":2,"minecraft:candle":2,"minecraft:golden_pickaxe":2},"minecraft:killed":{"minecraft:skeleton":4,"minecraft:drowned":1,"minecraft:pig":1,"minecraft:creeper":1,"minecraft:sheep":1,"minecraft:zombie":6,"minecraft:cow":5,"minecraft:enderman":1},"minecraft:dropped":{"minecraft:golden_boots":1,"minecraft:wheat_seeds":14,"minecraft:sculk_shrieker":1,"minecraft:oak_log":1,"minecraft:golden_pickaxe":1,"minecraft:crafting_table":1,"minecraft:jungle_planks":2,"minecraft:golden_apple":1,"minecraft:stick":1,"minecraft:flint":1,"minecraft:oxeye_daisy":1,"minecraft:dirt":3,"minecraft:diorite":17,"minecraft:wooden_axe":1,"minecraft:fire_charge":1,"minecraft:sand":5,"minecraft:paper":12,"minecraft:white_wool":1,"minecraft:bone":3,"minecraft:stone_axe":1,"minecraft:stone_sword":4,"minecraft:wheat":8,"minecraft:obsidian":1,"minecraft:stone_shovel":1,"minecraft:rotten_flesh":6,"minecraft:oak_planks":9,"minecraft:cooked_mutton":1,"minecraft:filled_map":4,"minecraft:shield":1,"minecraft:andesite":6,"minecraft:light_gray_dye":1,"minecraft:white_dye":1,"minecraft:arrow":3,"minecraft:wooden_pickaxe":1,"minecraft:stone_pickaxe":1,"minecraft:magma_block":1,"minecraft:netherrack":6},"minecraft:crafted":{"minecraft:oak_planks":48,"minecraft:stone_shovel":1,"minecraft:furnace":1,"minecraft:dark_oak_sign":3,"minecraft:bone_meal":3,"minecraft:cooked_mutton":1,"minecraft:iron_boots":1,"minecraft:iron_axe":1,"minecraft:stone_pickaxe":1,"minecraft:chest":5,"minecraft:dark_oak_planks":48,"minecraft:cooked_beef":4,"minecraft:crafting_table":3,"minecraft:wooden_pickaxe":1,"minecraft:iron_helmet":1,"minecraft:iron_sword":1,"minecraft:bucket":1,"minecraft:stone_axe":1,"minecraft:air":0,"minecraft:jungle_planks":24,"minecraft:oak_boat":2,"minecraft:white_wool":2,"minecraft:iron_chestplate":1,"minecraft:shield":1,"minecraft:white_dye":3,"minecraft:stick":12,"minecraft:iron_ingot":6,"minecraft:iron_pickaxe":1,"minecraft:wooden_axe":1,"minecraft:stone_sword":1,"minecraft:iron_leggings":1,"minecraft:light_gray_dye":1,"minecraft:white_bed":1,"minecraft:shears":1},"minecraft:mined":{"minecraft:tuff":9,"minecraft:white_bed":1,"minecraft:dark_oak_log":12,"minecraft:granite":11,"minecraft:grass_block":10,"minecraft:jungle_log":7,"minecraft:spruce_leaves":102,"minecraft:magma_block":1,"minecraft:furnace":1,"minecraft:iron_ore":2,"minecraft:andesite":7,"minecraft:sculk_shrieker":2,"minecraft:vine":3,"minecraft:stone":101,"minecraft:powder_snow":3,"minecraft:crafting_table":5,"minecraft:short_grass":24,"minecraft:cobblestone":1,"minecraft:tall_grass":3,"minecraft:sugar_cane":6,"minecraft:sculk":10,"minecraft:diorite":20,"minecraft:seagrass":1,"minecraft:birch_leaves":1,"minecraft:oak_log":8,"minecraft:coal_ore":11,"minecraft:sand":5,"minecraft:dirt":14,"minecraft:deepslate":17,"minecraft:oak_leaves":3,"minecraft:fern":5}},"DataVersion":3953}