{"stats":{"minecraft:dropped":{"minecraft:cornflower":2,"minecraft:oak_planks":1,"minecraft:azure_bluet":1},"minecraft:picked_up":{"minecraft:azure_bluet":13,"minecraft:feather":15,"minecraft:lilac":2,"minecraft:chicken":11,"minecraft:sweet_berries":102,"minecraft:leather":9,"minecraft:potato":1,"minecraft:oak_log":16,"minecraft:shield":2,"minecraft:white_bed":1,"minecraft:cobblestone_stairs":2,"minecraft:lily_of_the_valley":2,"minecraft:cornflower":3,"minecraft:dirt":83,"minecraft:rotten_flesh":2,"minecraft:bow":2,"minecraft:wheat_seeds":11,"minecraft:beef":11,"minecraft:bread":3,"minecraft:iron_pickaxe":2,"minecraft:oak_sapling":2,"minecraft:iron_sword":2,"minecraft:oak_planks":1,"minecraft:cobblestone":2,"minecraft:oxeye_daisy":4},"minecraft:used":{"minecraft:oxeye_daisy":2,"minecraft:chicken":11,"minecraft:bread":3,"minecraft:shield":2,"minecraft:iron_sword":22,"minecraft:dirt":14,"minecraft:beef":11,"minecraft:sweet_berries":66,"minecraft:white_bed":1,"minecraft:potato":1,"minecraft:azure_bluet":4},"minecraft:killed":{"minecraft:zombie":1,"minecraft:chicken":11,"minecraft:cow":7},"minecraft:mined":{"minecraft:seagrass":1,"minecraft:tall_seagrass":1,"minecraft:white_bed":1,"minecraft:lily_of_the_valley":2,"minecraft:sweet_berry_bush":26,"minecraft:lilac":3,"minecraft:birch_leaves":2,"minecraft:cornflower":3,"minecraft:azure_bluet":7,"minecraft:grass":50,"minecraft:potatoes":1,"minecraft:grass_block":29,"minecraft:oak_log":16,"minecraft:dirt":11,"minecraft:tall_grass":2,"minecraft:spruce_leaves":9,"minecraft:oxeye_daisy":2,"minecraft:oak_leaves":7},"minecraft:crafted":{"minecraft:oak_planks":44},"minecraft:killed_by":{"minecraft:player":1},"minecraft:custom":{"minecraft:time_since_rest":14120,"minecraft:interact_with_furnace":3,"minecraft:damage_taken":1188,"minecraft:sprint_one_cm":371217,"minecraft:walk_one_cm":253701,"minecraft:damage_blocked_by_shield":25,"minecraft:mob_kills":19,"minecraft:drop":4,"minecraft:damage_dealt":1710,"minecraft:player_kills":1,"minecraft:interact_with_crafting_table":1,"minecraft:swim_one_cm":6242,"minecraft:fly_one_cm":296003,"minecraft:open_chest":3,"minecraft:play_time":71837,"minecraft:deaths":2,"minecraft:sneak_time":6,"minecraft:walk_under_water_one_cm":6523,"minecraft:jump":1791,"minecraft:leave_game":1,"minecraft:walk_on_water_one_cm":19132,"minecraft:time_since_death":14093,"minecraft:interact_with_smoker":2,"minecraft:total_world_time":71837,"minecraft:fall_one_cm":42386}},"DataVersion":3465}