[{"login":"JWJUN233233","id":66861021,"node_id":"MDQ6VXNlcjY2ODYxMDIx","avatar_url":"https://avatars.githubusercontent.com/u/66861021?v=4","gravatar_id":"","url":"https://api.github.com/users/JWJUN233233","html_url":"https://github.com/JWJUN233233","followers_url":"https://api.github.com/users/JWJUN233233/followers","following_url":"https://api.github.com/users/JWJUN233233/following{/other_user}","gists_url":"https://api.github.com/users/JWJUN233233/gists{/gist_id}","starred_url":"https://api.github.com/users/JWJUN233233/starred{/owner}{/repo}","subscriptions_url":"https://api.github.com/users/JWJUN233233/subscriptions","organizations_url":"https://api.github.com/users/JWJUN233233/orgs","repos_url":"https://api.github.com/users/JWJUN233233/repos","events_url":"https://api.github.com/users/JWJUN233233/events{/privacy}","received_events_url":"https://api.github.com/users/JWJUN233233/received_events","type":"User","user_view_type":"public","site_admin":false,"contributions":1},{"login":"Cupjok","id":51083528,"node_id":"MDQ6VXNlcjUxMDgzNTI4","avatar_url":"https://avatars.githubusercontent.com/u/51083528?v=4","gravatar_id":"","url":"https://api.github.com/users/Cupjok","html_url":"https://github.com/Cupjok","followers_url":"https://api.github.com/users/Cupjok/followers","following_url":"https://api.github.com/users/Cupjok/following{/other_user}","gists_url":"https://api.github.com/users/Cupjok/gists{/gist_id}","starred_url":"https://api.github.com/users/Cupjok/starred{/owner}{/repo}","subscriptions_url":"https://api.github.com/users/Cupjok/subscriptions","organizations_url":"https://api.github.com/users/Cupjok/orgs","repos_url":"https://api.github.com/users/Cupjok/repos","events_url":"https://api.github.com/users/Cupjok/events{/privacy}","received_events_url":"https://api.github.com/users/Cupjok/received_events","type":"User","user_view_type":"public","site_admin":false,"contributions":1},{"login":"KBluePurple","id":42506968,"node_id":"MDQ6VXNlcjQyNTA2OTY4","avatar_url":"https://avatars.githubusercontent.com/u/42506968?v=4","gravatar_id":"","url":"https://api.github.com/users/KBluePurple","html_url":"https://github.com/KBluePurple","followers_url":"https://api.github.com/users/KBluePurple/followers","following_url":"https://api.github.com/users/KBluePurple/following{/other_user}","gists_url":"https://api.github.com/users/KBluePurple/gists{/gist_id}","starred_url":"https://api.github.com/users/KBluePurple/starred{/owner}{/repo}","subscriptions_url":"https://api.github.com/users/KBluePurple/subscriptions","organizations_url":"https://api.github.com/users/KBluePurple/orgs","repos_url":"https://api.github.com/users/KBluePurple/repos","events_url":"https://api.github.com/users/KBluePurple/events{/privacy}","received_events_url":"https://api.github.com/users/KBluePurple/received_events","type":"User","user_view_type":"public","site_admin":false,"contributions":1},{"login":"Apeiros-46B","id":61390942,"node_id":"MDQ6VXNlcjYxMzkwOTQy","avatar_url":"https://avatars.githubusercontent.com/u/61390942?v=4","gravatar_id":"","url":"https://api.github.com/users/Apeiros-46B","html_url":"https://github.com/Apeiros-46B","followers_url":"https://api.github.com/users/Apeiros-46B/followers","following_url":"https://api.github.com/users/Apeiros-46B/following{/other_user}","gists_url":"https://api.github.com/users/Apeiros-46B/gists{/gist_id}","starred_url":"https://api.github.com/users/Apeiros-46B/starred{/owner}{/repo}","subscriptions_url":"https://api.github.com/users/Apeiros-46B/subscriptions","organizations_url":"https://api.github.com/users/Apeiros-46B/orgs","repos_url":"https://api.github.com/users/Apeiros-46B/repos","events_url":"https://api.github.com/users/Apeiros-46B/events{/privacy}","received_events_url":"https://api.github.com/users/Apeiros-46B/received_events","type":"User","user_view_type":"public","site_admin":false,"contributions":1},{"login":"cyb3rm4n","id":1812907,"node_id":"MDQ6VXNlcjE4MTI5MDc=","avatar_url":"https://avatars.githubusercontent.com/u/1812907?v=4","gravatar_id":"","url":"https://api.github.com/users/cyb3rm4n","html_url":"https://github.com/cyb3rm4n","followers_url":"https://api.github.com/users/cyb3rm4n/followers","following_url":"https://api.github.com/users/cyb3rm4n/following{/other_user}","gists_url":"https://api.github.com/users/cyb3rm4n/gists{/gist_id}","starred_url":"https://api.github.com/users/cyb3rm4n/starred{/owner}{/repo}","subscriptions_url":"https://api.github.com/users/cyb3rm4n/subscriptions","organizations_url":"https://api.github.com/users/cyb3rm4n/orgs","repos_url":"https://api.github.com/users/cyb3rm4n/repos","events_url":"https://api.github.com/users/cyb3rm4n/events{/privacy}","received_events_url":"https://api.github.com/users/cyb3rm4n/received_events","type":"User","user_view_type":"public","site_admin":false,"contributions":1},{"login":"mfnalex","id":1122571,"node_id":"MDQ6VXNlcjExMjI1NzE=","avatar_url":"https://avatars.githubusercontent.com/u/1122571?v=4","gravatar_id":"","url":"https://api.github.com/users/mfnalex","html_url":"https://github.com/mfnalex","followers_url":"https://api.github.com/users/mfnalex/followers","following_url":"https://api.github.com/users/mfnalex/following{/other_user}","gists_url":"https://api.github.com/users/mfnalex/gists{/gist_id}","starred_url":"https://api.github.com/users/mfnalex/starred{/owner}{/repo}","subscriptions_url":"https://api.github.com/users/mfnalex/subscriptions","organizations_url":"https://api.github.com/users/mfnalex/orgs","repos_url":"https://api.github.com/users/mfnalex/repos","events_url":"https://api.github.com/users/mfnalex/events{/privacy}","received_events_url":"https://api.github.com/users/mfnalex/received_events","type":"User","user_view_type":"public","site_admin":false,"contributions":1},{"login":"Hellcode48","id":4357903,"node_id":"MDQ6VXNlcjQzNTc5MDM=","avatar_url":"https://avatars.githubusercontent.com/u/4357903?v=4","gravatar_id":"","url":"https://api.github.com/users/Hellcode48","html_url":"https://github.com/Hellcode48","followers_url":"https://api.github.com/users/Hellcode48/followers","following_url":"https://api.github.com/users/Hellcode48/following{/other_user}","gists_url":"https://api.github.com/users/Hellcode48/gists{/gist_id}","starred_url":"https://api.github.com/users/Hellcode48/starred{/owner}{/repo}","subscriptions_url":"https://api.github.com/users/Hellcode48/subscriptions","organizations_url":"https://api.github.com/users/Hellcode48/orgs","repos_url":"https://api.github.com/users/Hellcode48/repos","events_url":"https://api.github.com/users/Hellcode48/events{/privacy}","received_events_url":"https://api.github.com/users/Hellcode48/received_events","type":"User","user_view_type":"public","site_admin":false,"contributions":1},{"login":"Chihsiao","id":20290900,"node_id":"MDQ6VXNlcjIwMjkwOTAw","avatar_url":"https://avatars.githubusercontent.com/u/20290900?v=4","gravatar_id":"","url":"https://api.github.com/users/Chihsiao","html_url":"https://github.com/Chihsiao","followers_url":"https://api.github.com/users/Chihsiao/followers","following_url":"https://api.github.com/users/Chihsiao/following{/other_user}","gists_url":"https://api.github.com/users/Chihsiao/gists{/gist_id}","starred_url":"https://api.github.com/users/Chihsiao/starred{/owner}{/repo}","subscriptions_url":"https://api.github.com/users/Chihsiao/subscriptions","organizations_url":"https://api.github.com/users/Chihsiao/orgs","repos_url":"https://api.github.com/users/Chihsiao/repos","events_url":"https://api.github.com/users/Chihsiao/events{/privacy}","received_events_url":"https://api.github.com/users/Chihsiao/received_events","type":"User","user_view_type":"public","site_admin":false,"contributions":1},{"login":"Ajptlink","id":21269118,"node_id":"MDQ6VXNlcjIxMjY5MTE4","avatar_url":"https://avatars.githubusercontent.com/u/21269118?v=4","gravatar_id":"","url":"https://api.github.com/users/Ajptlink","html_url":"https://github.com/Ajptlink","followers_url":"https://api.github.com/users/Ajptlink/followers","following_url":"https://api.github.com/users/Ajptlink/following{/other_user}","gists_url":"https://api.github.com/users/Ajptlink/gists{/gist_id}","starred_url":"https://api.github.com/users/Ajptlink/starred{/owner}{/repo}","subscriptions_url":"https://api.github.com/users/Ajptlink/subscriptions","organizations_url":"https://api.github.com/users/Ajptlink/orgs","repos_url":"https://api.github.com/users/Ajptlink/repos","events_url":"https://api.github.com/users/Ajptlink/events{/privacy}","received_events_url":"https://api.github.com/users/Ajptlink/received_events","type":"User","user_view_type":"public","site_admin":false,"contributions":1},{"login":"AgnisT","id":48773856,"node_id":"MDQ6VXNlcjQ4NzczODU2","avatar_url":"https://avatars.githubusercontent.com/u/48773856?v=4","gravatar_id":"","url":"https://api.github.com/users/AgnisT","html_url":"https://github.com/AgnisT","followers_url":"https://api.github.com/users/AgnisT/followers","following_url":"https://api.github.com/users/AgnisT/following{/other_user}","gists_url":"https://api.github.com/users/AgnisT/gists{/gist_id}","starred_url":"https://api.github.com/users/AgnisT/starred{/owner}{/repo}","subscriptions_url":"https://api.github.com/users/AgnisT/subscriptions","organizations_url":"https://api.github.com/users/AgnisT/orgs","repos_url":"https://api.github.com/users/AgnisT/repos","events_url":"https://api.github.com/users/AgnisT/events{/privacy}","received_events_url":"https://api.github.com/users/AgnisT/received_events","type":"User","user_view_type":"public","site_admin":false,"contributions":1},{"login":"0XPYEX0","id":50171612,"node_id":"MDQ6VXNlcjUwMTcxNjEy","avatar_url":"https://avatars.githubusercontent.com/u/50171612?v=4","gravatar_id":"","url":"https://api.github.com/users/0XPYEX0","html_url":"https://github.com/0XPYEX0","followers_url":"https://api.github.com/users/0XPYEX0/followers","following_url":"https://api.github.com/users/0XPYEX0/following{/other_user}","gists_url":"https://api.github.com/users/0XPYEX0/gists{/gist_id}","starred_url":"https://api.github.com/users/0XPYEX0/starred{/owner}{/repo}","subscriptions_url":"https://api.github.com/users/0XPYEX0/subscriptions","organizations_url":"https://api.github.com/users/0XPYEX0/orgs","repos_url":"https://api.github.com/users/0XPYEX0/repos","events_url":"https://api.github.com/users/0XPYEX0/events{/privacy}","received_events_url":"https://api.github.com/users/0XPYEX0/received_events","type":"User","user_view_type":"public","site_admin":false,"contributions":1},{"login":"Mini-kun","id":46404340,"node_id":"MDQ6VXNlcjQ2NDA0MzQw","avatar_url":"https://avatars.githubusercontent.com/u/46404340?v=4","gravatar_id":"","url":"https://api.github.com/users/Mini-kun","html_url":"https://github.com/Mini-kun","followers_url":"https://api.github.com/users/Mini-kun/followers","following_url":"https://api.github.com/users/Mini-kun/following{/other_user}","gists_url":"https://api.github.com/users/Mini-kun/gists{/gist_id}","starred_url":"https://api.github.com/users/Mini-kun/starred{/owner}{/repo}","subscriptions_url":"https://api.github.com/users/Mini-kun/subscriptions","organizations_url":"https://api.github.com/users/Mini-kun/orgs","repos_url":"https://api.github.com/users/Mini-kun/repos","events_url":"https://api.github.com/users/Mini-kun/events{/privacy}","received_events_url":"https://api.github.com/users/Mini-kun/received_events","type":"User","user_view_type":"public","site_admin":false,"contributions":1},{"login":"McAlmog","id":66441842,"node_id":"MDQ6VXNlcjY2NDQxODQy","avatar_url":"https://avatars.githubusercontent.com/u/66441842?v=4","gravatar_id":"","url":"https://api.github.com/users/McAlmog","html_url":"https://github.com/McAlmog","followers_url":"https://api.github.com/users/McAlmog/followers","following_url":"https://api.github.com/users/McAlmog/following{/other_user}","gists_url":"https://api.github.com/users/McAlmog/gists{/gist_id}","starred_url":"https://api.github.com/users/McAlmog/starred{/owner}{/repo}","subscriptions_url":"https://api.github.com/users/McAlmog/subscriptions","organizations_url":"https://api.github.com/users/McAlmog/orgs","repos_url":"https://api.github.com/users/McAlmog/repos","events_url":"https://api.github.com/users/McAlmog/events{/privacy}","received_events_url":"https://api.github.com/users/McAlmog/received_events","type":"User","user_view_type":"public","site_admin":false,"contributions":1},{"login":"Aomitsu","id":52425530,"node_id":"MDQ6VXNlcjUyNDI1NTMw","avatar_url":"https://avatars.githubusercontent.com/u/52425530?v=4","gravatar_id":"","url":"https://api.github.com/users/Aomitsu","html_url":"https://github.com/Aomitsu","followers_url":"https://api.github.com/users/Aomitsu/followers","following_url":"https://api.github.com/users/Aomitsu/following{/other_user}","gists_url":"https://api.github.com/users/Aomitsu/gists{/gist_id}","starred_url":"https://api.github.com/users/Aomitsu/starred{/owner}{/repo}","subscriptions_url":"https://api.github.com/users/Aomitsu/subscriptions","organizations_url":"https://api.github.com/users/Aomitsu/orgs","repos_url":"https://api.github.com/users/Aomitsu/repos","events_url":"https://api.github.com/users/Aomitsu/events{/privacy}","received_events_url":"https://api.github.com/users/Aomitsu/received_events","type":"User","user_view_type":"public","site_admin":false,"contributions":1},{"login":"lDesconhecido","id":34404628,"node_id":"MDQ6VXNlcjM0NDA0NjI4","avatar_url":"https://avatars.githubusercontent.com/u/34404628?v=4","gravatar_id":"","url":"https://api.github.com/users/lDesconhecido","html_url":"https://github.com/lDesconhecido","followers_url":"https://api.github.com/users/lDesconhecido/followers","following_url":"https://api.github.com/users/lDesconhecido/following{/other_user}","gists_url":"https://api.github.com/users/lDesconhecido/gists{/gist_id}","starred_url":"https://api.github.com/users/lDesconhecido/starred{/owner}{/repo}","subscriptions_url":"https://api.github.com/users/lDesconhecido/subscriptions","organizations_url":"https://api.github.com/users/lDesconhecido/orgs","repos_url":"https://api.github.com/users/lDesconhecido/repos","events_url":"https://api.github.com/users/lDesconhecido/events{/privacy}","received_events_url":"https://api.github.com/users/lDesconhecido/received_events","type":"User","user_view_type":"public","site_admin":false,"contributions":1},{"login":"ooicram","id":71777346,"node_id":"MDQ6VXNlcjcxNzc3MzQ2","avatar_url":"https://avatars.githubusercontent.com/u/71777346?v=4","gravatar_id":"","url":"https://api.github.com/users/ooicram","html_url":"https://github.com/ooicram","followers_url":"https://api.github.com/users/ooicram/followers","following_url":"https://api.github.com/users/ooicram/following{/other_user}","gists_url":"https://api.github.com/users/ooicram/gists{/gist_id}","starred_url":"https://api.github.com/users/ooicram/starred{/owner}{/repo}","subscriptions_url":"https://api.github.com/users/ooicram/subscriptions","organizations_url":"https://api.github.com/users/ooicram/orgs","repos_url":"https://api.github.com/users/ooicram/repos","events_url":"https://api.github.com/users/ooicram/events{/privacy}","received_events_url":"https://api.github.com/users/ooicram/received_events","type":"User","user_view_type":"public","site_admin":false,"contributions":1},{"login":"mio9","id":11581624,"node_id":"MDQ6VXNlcjExNTgxNjI0","avatar_url":"https://avatars.githubusercontent.com/u/11581624?v=4","gravatar_id":"","url":"https://api.github.com/users/mio9","html_url":"https://github.com/mio9","followers_url":"https://api.github.com/users/mio9/followers","following_url":"https://api.github.com/users/mio9/following{/other_user}","gists_url":"https://api.github.com/users/mio9/gists{/gist_id}","starred_url":"https://api.github.com/users/mio9/starred{/owner}{/repo}","subscriptions_url":"https://api.github.com/users/mio9/subscriptions","organizations_url":"https://api.github.com/users/mio9/orgs","repos_url":"https://api.github.com/users/mio9/repos","events_url":"https://api.github.com/users/mio9/events{/privacy}","received_events_url":"https://api.github.com/users/mio9/received_events","type":"User","user_view_type":"public","site_admin":false,"contributions":1},{"login":"Kub94ekCZ","id":145360194,"node_id":"U_kgDOCKoFQg","avatar_url":"https://avatars.githubusercontent.com/u/145360194?v=4","gravatar_id":"","url":"https://api.github.com/users/Kub94ekCZ","html_url":"https://github.com/Kub94ekCZ","followers_url":"https://api.github.com/users/Kub94ekCZ/followers","following_url":"https://api.github.com/users/Kub94ekCZ/following{/other_user}","gists_url":"https://api.github.com/users/Kub94ekCZ/gists{/gist_id}","starred_url":"https://api.github.com/users/Kub94ekCZ/starred{/owner}{/repo}","subscriptions_url":"https://api.github.com/users/Kub94ekCZ/subscriptions","organizations_url":"https://api.github.com/users/Kub94ekCZ/orgs","repos_url":"https://api.github.com/users/Kub94ekCZ/repos","events_url":"https://api.github.com/users/Kub94ekCZ/events{/privacy}","received_events_url":"https://api.github.com/users/Kub94ekCZ/received_events","type":"User","user_view_type":"public","site_admin":false,"contributions":1},{"login":"khronozx","id":55935631,"node_id":"MDQ6VXNlcjU1OTM1NjMx","avatar_url":"https://avatars.githubusercontent.com/u/55935631?v=4","gravatar_id":"","url":"https://api.github.com/users/khronozx","html_url":"https://github.com/khronozx","followers_url":"https://api.github.com/users/khronozx/followers","following_url":"https://api.github.com/users/khronozx/following{/other_user}","gists_url":"https://api.github.com/users/khronozx/gists{/gist_id}","starred_url":"https://api.github.com/users/khronozx/starred{/owner}{/repo}","subscriptions_url":"https://api.github.com/users/khronozx/subscriptions","organizations_url":"https://api.github.com/users/khronozx/orgs","repos_url":"https://api.github.com/users/khronozx/repos","events_url":"https://api.github.com/users/khronozx/events{/privacy}","received_events_url":"https://api.github.com/users/khronozx/received_events","type":"User","user_view_type":"public","site_admin":false,"contributions":1},{"login":"kii-chan-reloaded","id":15570802,"node_id":"MDQ6VXNlcjE1NTcwODAy","avatar_url":"https://avatars.githubusercontent.com/u/15570802?v=4","gravatar_id":"","url":"https://api.github.com/users/kii-chan-reloaded","html_url":"https://github.com/kii-chan-reloaded","followers_url":"https://api.github.com/users/kii-chan-reloaded/followers","following_url":"https://api.github.com/users/kii-chan-reloaded/following{/other_user}","gists_url":"https://api.github.com/users/kii-chan-reloaded/gists{/gist_id}","starred_url":"https://api.github.com/users/kii-chan-reloaded/starred{/owner}{/repo}","subscriptions_url":"https://api.github.com/users/kii-chan-reloaded/subscriptions","organizations_url":"https://api.github.com/users/kii-chan-reloaded/orgs","repos_url":"https://api.github.com/users/kii-chan-reloaded/repos","events_url":"https://api.github.com/users/kii-chan-reloaded/events{/privacy}","received_events_url":"https://api.github.com/users/kii-chan-reloaded/received_events","type":"User","user_view_type":"public","site_admin":false,"contributions":1},{"login":"JunederZ","id":65265807,"node_id":"MDQ6VXNlcjY1MjY1ODA3","avatar_url":"https://avatars.githubusercontent.com/u/65265807?v=4","gravatar_id":"","url":"https://api.github.com/users/JunederZ","html_url":"https://github.com/JunederZ","followers_url":"https://api.github.com/users/JunederZ/followers","following_url":"https://api.github.com/users/JunederZ/following{/other_user}","gists_url":"https://api.github.com/users/JunederZ/gists{/gist_id}","starred_url":"https://api.github.com/users/JunederZ/starred{/owner}{/repo}","subscriptions_url":"https://api.github.com/users/JunederZ/subscriptions","organizations_url":"https://api.github.com/users/JunederZ/orgs","repos_url":"https://api.github.com/users/JunederZ/repos","events_url":"https://api.github.com/users/JunederZ/events{/privacy}","received_events_url":"https://api.github.com/users/JunederZ/received_events","type":"User","user_view_type":"public","site_admin":false,"contributions":1},{"login":"Jiejue233","id":78036442,"node_id":"MDQ6VXNlcjc4MDM2NDQy","avatar_url":"https://avatars.githubusercontent.com/u/78036442?v=4","gravatar_id":"","url":"https://api.github.com/users/Jiejue233","html_url":"https://github.com/Jiejue233","followers_url":"https://api.github.com/users/Jiejue233/followers","following_url":"https://api.github.com/users/Jiejue233/following{/other_user}","gists_url":"https://api.github.com/users/Jiejue233/gists{/gist_id}","starred_url":"https://api.github.com/users/Jiejue233/starred{/owner}{/repo}","subscriptions_url":"https://api.github.com/users/Jiejue233/subscriptions","organizations_url":"https://api.github.com/users/Jiejue233/orgs","repos_url":"https://api.github.com/users/Jiejue233/repos","events_url":"https://api.github.com/users/Jiejue233/events{/privacy}","received_events_url":"https://api.github.com/users/Jiejue233/received_events","type":"User","user_view_type":"public","site_admin":false,"contributions":1},{"login":"pisaiah","id":16439221,"node_id":"MDQ6VXNlcjE2NDM5MjIx","avatar_url":"https://avatars.githubusercontent.com/u/16439221?v=4","gravatar_id":"","url":"https://api.github.com/users/pisaiah","html_url":"https://github.com/pisaiah","followers_url":"https://api.github.com/users/pisaiah/followers","following_url":"https://api.github.com/users/pisaiah/following{/other_user}","gists_url":"https://api.github.com/users/pisaiah/gists{/gist_id}","starred_url":"https://api.github.com/users/pisaiah/starred{/owner}{/repo}","subscriptions_url":"https://api.github.com/users/pisaiah/subscriptions","organizations_url":"https://api.github.com/users/pisaiah/orgs","repos_url":"https://api.github.com/users/pisaiah/repos","events_url":"https://api.github.com/users/pisaiah/events{/privacy}","received_events_url":"https://api.github.com/users/pisaiah/received_events","type":"User","user_view_type":"public","site_admin":false,"contributions":1},{"login":"TallasDev","id":30439223,"node_id":"MDQ6VXNlcjMwNDM5MjIz","avatar_url":"https://avatars.githubusercontent.com/u/30439223?v=4","gravatar_id":"","url":"https://api.github.com/users/TallasDev","html_url":"https://github.com/TallasDev","followers_url":"https://api.github.com/users/TallasDev/followers","following_url":"https://api.github.com/users/TallasDev/following{/other_user}","gists_url":"https://api.github.com/users/TallasDev/gists{/gist_id}","starred_url":"https://api.github.com/users/TallasDev/starred{/owner}{/repo}","subscriptions_url":"https://api.github.com/users/TallasDev/subscriptions","organizations_url":"https://api.github.com/users/TallasDev/orgs","repos_url":"https://api.github.com/users/TallasDev/repos","events_url":"https://api.github.com/users/TallasDev/events{/privacy}","received_events_url":"https://api.github.com/users/TallasDev/received_events","type":"User","user_view_type":"public","site_admin":false,"contributions":1},{"login":"1vers1on","id":97118529,"node_id":"U_kgDOBcnpQQ","avatar_url":"https://avatars.githubusercontent.com/u/97118529?v=4","gravatar_id":"","url":"https://api.github.com/users/1vers1on","html_url":"https://github.com/1vers1on","followers_url":"https://api.github.com/users/1vers1on/followers","following_url":"https://api.github.com/users/1vers1on/following{/other_user}","gists_url":"https://api.github.com/users/1vers1on/gists{/gist_id}","starred_url":"https://api.github.com/users/1vers1on/starred{/owner}{/repo}","subscriptions_url":"https://api.github.com/users/1vers1on/subscriptions","organizations_url":"https://api.github.com/users/1vers1on/orgs","repos_url":"https://api.github.com/users/1vers1on/repos","events_url":"https://api.github.com/users/1vers1on/events{/privacy}","received_events_url":"https://api.github.com/users/1vers1on/received_events","type":"User","user_view_type":"public","site_admin":false,"contributions":1},{"login":"GuizhanBot","id":56482969,"node_id":"MDQ6VXNlcjU2NDgyOTY5","avatar_url":"https://avatars.githubusercontent.com/u/56482969?v=4","gravatar_id":"","url":"https://api.github.com/users/GuizhanBot","html_url":"https://github.com/GuizhanBot","followers_url":"https://api.github.com/users/GuizhanBot/followers","following_url":"https://api.github.com/users/GuizhanBot/following{/other_user}","gists_url":"https://api.github.com/users/GuizhanBot/gists{/gist_id}","starred_url":"https://api.github.com/users/GuizhanBot/starred{/owner}{/repo}","subscriptions_url":"https://api.github.com/users/GuizhanBot/subscriptions","organizations_url":"https://api.github.com/users/GuizhanBot/orgs","repos_url":"https://api.github.com/users/GuizhanBot/repos","events_url":"https://api.github.com/users/GuizhanBot/events{/privacy}","received_events_url":"https://api.github.com/users/GuizhanBot/received_events","type":"User","user_view_type":"public","site_admin":false,"contributions":1},{"login":"Vladimir-Urik","id":47532155,"node_id":"MDQ6VXNlcjQ3NTMyMTU1","avatar_url":"https://avatars.githubusercontent.com/u/47532155?v=4","gravatar_id":"","url":"https://api.github.com/users/Vladimir-Urik","html_url":"https://github.com/Vladimir-Urik","followers_url":"https://api.github.com/users/Vladimir-Urik/followers","following_url":"https://api.github.com/users/Vladimir-Urik/following{/other_user}","gists_url":"https://api.github.com/users/Vladimir-Urik/gists{/gist_id}","starred_url":"https://api.github.com/users/Vladimir-Urik/starred{/owner}{/repo}","subscriptions_url":"https://api.github.com/users/Vladimir-Urik/subscriptions","organizations_url":"https://api.github.com/users/Vladimir-Urik/orgs","repos_url":"https://api.github.com/users/Vladimir-Urik/repos","events_url":"https://api.github.com/users/Vladimir-Urik/events{/privacy}","received_events_url":"https://api.github.com/users/Vladimir-Urik/received_events","type":"User","user_view_type":"public","site_admin":false,"contributions":1},{"login":"Frozenkamui","id":63660472,"node_id":"MDQ6VXNlcjYzNjYwNDcy","avatar_url":"https://avatars.githubusercontent.com/u/63660472?v=4","gravatar_id":"","url":"https://api.github.com/users/Frozenkamui","html_url":"https://github.com/Frozenkamui","followers_url":"https://api.github.com/users/Frozenkamui/followers","following_url":"https://api.github.com/users/Frozenkamui/following{/other_user}","gists_url":"https://api.github.com/users/Frozenkamui/gists{/gist_id}","starred_url":"https://api.github.com/users/Frozenkamui/starred{/owner}{/repo}","subscriptions_url":"https://api.github.com/users/Frozenkamui/subscriptions","organizations_url":"https://api.github.com/users/Frozenkamui/orgs","repos_url":"https://api.github.com/users/Frozenkamui/repos","events_url":"https://api.github.com/users/Frozenkamui/events{/privacy}","received_events_url":"https://api.github.com/users/Frozenkamui/received_events","type":"User","user_view_type":"public","site_admin":false,"contributions":1}]