[{"login":"TheBusyBiscuit","id":3967898,"node_id":"MDQ6VXNlcjM5Njc4OTg=","avatar_url":"https://avatars.githubusercontent.com/u/3967898?v=4","gravatar_id":"","url":"https://api.github.com/users/TheBusyBiscuit","html_url":"https://github.com/TheBusyBiscuit","followers_url":"https://api.github.com/users/TheBusyBiscuit/followers","following_url":"https://api.github.com/users/TheBusyBiscuit/following{/other_user}","gists_url":"https://api.github.com/users/TheBusyBiscuit/gists{/gist_id}","starred_url":"https://api.github.com/users/TheBusyBiscuit/starred{/owner}{/repo}","subscriptions_url":"https://api.github.com/users/TheBusyBiscuit/subscriptions","organizations_url":"https://api.github.com/users/TheBusyBiscuit/orgs","repos_url":"https://api.github.com/users/TheBusyBiscuit/repos","events_url":"https://api.github.com/users/TheBusyBiscuit/events{/privacy}","received_events_url":"https://api.github.com/users/TheBusyBiscuit/received_events","type":"User","user_view_type":"public","site_admin":false,"contributions":4330},{"login":"WalshyDev","id":8492901,"node_id":"MDQ6VXNlcjg0OTI5MDE=","avatar_url":"https://avatars.githubusercontent.com/u/8492901?v=4","gravatar_id":"","url":"https://api.github.com/users/WalshyDev","html_url":"https://github.com/WalshyDev","followers_url":"https://api.github.com/users/WalshyDev/followers","following_url":"https://api.github.com/users/WalshyDev/following{/other_user}","gists_url":"https://api.github.com/users/WalshyDev/gists{/gist_id}","starred_url":"https://api.github.com/users/WalshyDev/starred{/owner}{/repo}","subscriptions_url":"https://api.github.com/users/WalshyDev/subscriptions","organizations_url":"https://api.github.com/users/WalshyDev/orgs","repos_url":"https://api.github.com/users/WalshyDev/repos","events_url":"https://api.github.com/users/WalshyDev/events{/privacy}","received_events_url":"https://api.github.com/users/WalshyDev/received_events","type":"User","user_view_type":"public","site_admin":false,"contributions":366},{"login":"renovate-bot","id":25180681,"node_id":"MDQ6VXNlcjI1MTgwNjgx","avatar_url":"https://avatars.githubusercontent.com/u/25180681?v=4","gravatar_id":"","url":"https://api.github.com/users/renovate-bot","html_url":"https://github.com/renovate-bot","followers_url":"https://api.github.com/users/renovate-bot/followers","following_url":"https://api.github.com/users/renovate-bot/following{/other_user}","gists_url":"https://api.github.com/users/renovate-bot/gists{/gist_id}","starred_url":"https://api.github.com/users/renovate-bot/starred{/owner}{/repo}","subscriptions_url":"https://api.github.com/users/renovate-bot/subscriptions","organizations_url":"https://api.github.com/users/renovate-bot/orgs","repos_url":"https://api.github.com/users/renovate-bot/repos","events_url":"https://api.github.com/users/renovate-bot/events{/privacy}","received_events_url":"https://api.github.com/users/renovate-bot/received_events","type":"User","user_view_type":"public","site_admin":false,"contributions":261},{"login":"J3fftw1","id":44972470,"node_id":"MDQ6VXNlcjQ0OTcyNDcw","avatar_url":"https://avatars.githubusercontent.com/u/44972470?v=4","gravatar_id":"","url":"https://api.github.com/users/J3fftw1","html_url":"https://github.com/J3fftw1","followers_url":"https://api.github.com/users/J3fftw1/followers","following_url":"https://api.github.com/users/J3fftw1/following{/other_user}","gists_url":"https://api.github.com/users/J3fftw1/gists{/gist_id}","starred_url":"https://api.github.com/users/J3fftw1/starred{/owner}{/repo}","subscriptions_url":"https://api.github.com/users/J3fftw1/subscriptions","organizations_url":"https://api.github.com/users/J3fftw1/orgs","repos_url":"https://api.github.com/users/J3fftw1/repos","events_url":"https://api.github.com/users/J3fftw1/events{/privacy}","received_events_url":"https://api.github.com/users/J3fftw1/received_events","type":"User","user_view_type":"public","site_admin":false,"contributions":227},{"login":"LinoxGH","id":54643600,"node_id":"MDQ6VXNlcjU0NjQzNjAw","avatar_url":"https://avatars.githubusercontent.com/u/54643600?v=4","gravatar_id":"","url":"https://api.github.com/users/LinoxGH","html_url":"https://github.com/LinoxGH","followers_url":"https://api.github.com/users/LinoxGH/followers","following_url":"https://api.github.com/users/LinoxGH/following{/other_user}","gists_url":"https://api.github.com/users/LinoxGH/gists{/gist_id}","starred_url":"https://api.github.com/users/LinoxGH/starred{/owner}{/repo}","subscriptions_url":"https://api.github.com/users/LinoxGH/subscriptions","organizations_url":"https://api.github.com/users/LinoxGH/orgs","repos_url":"https://api.github.com/users/LinoxGH/repos","events_url":"https://api.github.com/users/LinoxGH/events{/privacy}","received_events_url":"https://api.github.com/users/LinoxGH/received_events","type":"User","user_view_type":"public","site_admin":false,"contributions":207},{"login":"renovate[bot]","id":29139614,"node_id":"MDM6Qm90MjkxMzk2MTQ=","avatar_url":"https://avatars.githubusercontent.com/in/2740?v=4","gravatar_id":"","url":"https://api.github.com/users/renovate%5Bbot%5D","html_url":"https://github.com/apps/renovate","followers_url":"https://api.github.com/users/renovate%5Bbot%5D/followers","following_url":"https://api.github.com/users/renovate%5Bbot%5D/following{/other_user}","gists_url":"https://api.github.com/users/renovate%5Bbot%5D/gists{/gist_id}","starred_url":"https://api.github.com/users/renovate%5Bbot%5D/starred{/owner}{/repo}","subscriptions_url":"https://api.github.com/users/renovate%5Bbot%5D/subscriptions","organizations_url":"https://api.github.com/users/renovate%5Bbot%5D/orgs","repos_url":"https://api.github.com/users/renovate%5Bbot%5D/repos","events_url":"https://api.github.com/users/renovate%5Bbot%5D/events{/privacy}","received_events_url":"https://api.github.com/users/renovate%5Bbot%5D/received_events","type":"Bot","user_view_type":"public","site_admin":false,"contributions":200},{"login":"svr333","id":35664724,"node_id":"MDQ6VXNlcjM1NjY0NzI0","avatar_url":"https://avatars.githubusercontent.com/u/35664724?v=4","gravatar_id":"","url":"https://api.github.com/users/svr333","html_url":"https://github.com/svr333","followers_url":"https://api.github.com/users/svr333/followers","following_url":"https://api.github.com/users/svr333/following{/other_user}","gists_url":"https://api.github.com/users/svr333/gists{/gist_id}","starred_url":"https://api.github.com/users/svr333/starred{/owner}{/repo}","subscriptions_url":"https://api.github.com/users/svr333/subscriptions","organizations_url":"https://api.github.com/users/svr333/orgs","repos_url":"https://api.github.com/users/svr333/repos","events_url":"https://api.github.com/users/svr333/events{/privacy}","received_events_url":"https://api.github.com/users/svr333/received_events","type":"User","user_view_type":"public","site_admin":false,"contributions":195},{"login":"Sfiguz7","id":37039432,"node_id":"MDQ6VXNlcjM3MDM5NDMy","avatar_url":"https://avatars.githubusercontent.com/u/37039432?v=4","gravatar_id":"","url":"https://api.github.com/users/Sfiguz7","html_url":"https://github.com/Sfiguz7","followers_url":"https://api.github.com/users/Sfiguz7/followers","following_url":"https://api.github.com/users/Sfiguz7/following{/other_user}","gists_url":"https://api.github.com/users/Sfiguz7/gists{/gist_id}","starred_url":"https://api.github.com/users/Sfiguz7/starred{/owner}{/repo}","subscriptions_url":"https://api.github.com/users/Sfiguz7/subscriptions","organizations_url":"https://api.github.com/users/Sfiguz7/orgs","repos_url":"https://api.github.com/users/Sfiguz7/repos","events_url":"https://api.github.com/users/Sfiguz7/events{/privacy}","received_events_url":"https://api.github.com/users/Sfiguz7/received_events","type":"User","user_view_type":"public","site_admin":false,"contributions":160},{"login":"SoSeDiK","id":19875118,"node_id":"MDQ6VXNlcjE5ODc1MTE4","avatar_url":"https://avatars.githubusercontent.com/u/19875118?v=4","gravatar_id":"","url":"https://api.github.com/users/SoSeDiK","html_url":"https://github.com/SoSeDiK","followers_url":"https://api.github.com/users/SoSeDiK/followers","following_url":"https://api.github.com/users/SoSeDiK/following{/other_user}","gists_url":"https://api.github.com/users/SoSeDiK/gists{/gist_id}","starred_url":"https://api.github.com/users/SoSeDiK/starred{/owner}{/repo}","subscriptions_url":"https://api.github.com/users/SoSeDiK/subscriptions","organizations_url":"https://api.github.com/users/SoSeDiK/orgs","repos_url":"https://api.github.com/users/SoSeDiK/repos","events_url":"https://api.github.com/users/SoSeDiK/events{/privacy}","received_events_url":"https://api.github.com/users/SoSeDiK/received_events","type":"User","user_view_type":"public","site_admin":false,"contributions":109},{"login":"StarWishsama","id":25561848,"node_id":"MDQ6VXNlcjI1NTYxODQ4","avatar_url":"https://avatars.githubusercontent.com/u/25561848?v=4","gravatar_id":"","url":"https://api.github.com/users/StarWishsama","html_url":"https://github.com/StarWishsama","followers_url":"https://api.github.com/users/StarWishsama/followers","following_url":"https://api.github.com/users/StarWishsama/following{/other_user}","gists_url":"https://api.github.com/users/StarWishsama/gists{/gist_id}","starred_url":"https://api.github.com/users/StarWishsama/starred{/owner}{/repo}","subscriptions_url":"https://api.github.com/users/StarWishsama/subscriptions","organizations_url":"https://api.github.com/users/StarWishsama/orgs","repos_url":"https://api.github.com/users/StarWishsama/repos","events_url":"https://api.github.com/users/StarWishsama/events{/privacy}","received_events_url":"https://api.github.com/users/StarWishsama/received_events","type":"User","user_view_type":"public","site_admin":false,"contributions":105},{"login":"poma123","id":25465545,"node_id":"MDQ6VXNlcjI1NDY1NTQ1","avatar_url":"https://avatars.githubusercontent.com/u/25465545?v=4","gravatar_id":"","url":"https://api.github.com/users/poma123","html_url":"https://github.com/poma123","followers_url":"https://api.github.com/users/poma123/followers","following_url":"https://api.github.com/users/poma123/following{/other_user}","gists_url":"https://api.github.com/users/poma123/gists{/gist_id}","starred_url":"https://api.github.com/users/poma123/starred{/owner}{/repo}","subscriptions_url":"https://api.github.com/users/poma123/subscriptions","organizations_url":"https://api.github.com/users/poma123/orgs","repos_url":"https://api.github.com/users/poma123/repos","events_url":"https://api.github.com/users/poma123/events{/privacy}","received_events_url":"https://api.github.com/users/poma123/received_events","type":"User","user_view_type":"public","site_admin":false,"contributions":95},{"login":"Poslovitch","id":20014332,"node_id":"MDQ6VXNlcjIwMDE0MzMy","avatar_url":"https://avatars.githubusercontent.com/u/20014332?v=4","gravatar_id":"","url":"https://api.github.com/users/Poslovitch","html_url":"https://github.com/Poslovitch","followers_url":"https://api.github.com/users/Poslovitch/followers","following_url":"https://api.github.com/users/Poslovitch/following{/other_user}","gists_url":"https://api.github.com/users/Poslovitch/gists{/gist_id}","starred_url":"https://api.github.com/users/Poslovitch/starred{/owner}{/repo}","subscriptions_url":"https://api.github.com/users/Poslovitch/subscriptions","organizations_url":"https://api.github.com/users/Poslovitch/orgs","repos_url":"https://api.github.com/users/Poslovitch/repos","events_url":"https://api.github.com/users/Poslovitch/events{/privacy}","received_events_url":"https://api.github.com/users/Poslovitch/received_events","type":"User","user_view_type":"public","site_admin":false,"contributions":87},{"login":"dniym","id":7481221,"node_id":"MDQ6VXNlcjc0ODEyMjE=","avatar_url":"https://avatars.githubusercontent.com/u/7481221?v=4","gravatar_id":"","url":"https://api.github.com/users/dniym","html_url":"https://github.com/dniym","followers_url":"https://api.github.com/users/dniym/followers","following_url":"https://api.github.com/users/dniym/following{/other_user}","gists_url":"https://api.github.com/users/dniym/gists{/gist_id}","starred_url":"https://api.github.com/users/dniym/starred{/owner}{/repo}","subscriptions_url":"https://api.github.com/users/dniym/subscriptions","organizations_url":"https://api.github.com/users/dniym/orgs","repos_url":"https://api.github.com/users/dniym/repos","events_url":"https://api.github.com/users/dniym/events{/privacy}","received_events_url":"https://api.github.com/users/dniym/received_events","type":"User","user_view_type":"public","site_admin":false,"contributions":83},{"login":"JustAHuman-xD","id":65748158,"node_id":"MDQ6VXNlcjY1NzQ4MTU4","avatar_url":"https://avatars.githubusercontent.com/u/65748158?v=4","gravatar_id":"","url":"https://api.github.com/users/JustAHuman-xD","html_url":"https://github.com/JustAHuman-xD","followers_url":"https://api.github.com/users/JustAHuman-xD/followers","following_url":"https://api.github.com/users/JustAHuman-xD/following{/other_user}","gists_url":"https://api.github.com/users/JustAHuman-xD/gists{/gist_id}","starred_url":"https://api.github.com/users/JustAHuman-xD/starred{/owner}{/repo}","subscriptions_url":"https://api.github.com/users/JustAHuman-xD/subscriptions","organizations_url":"https://api.github.com/users/JustAHuman-xD/orgs","repos_url":"https://api.github.com/users/JustAHuman-xD/repos","events_url":"https://api.github.com/users/JustAHuman-xD/events{/privacy}","received_events_url":"https://api.github.com/users/JustAHuman-xD/received_events","type":"User","user_view_type":"public","site_admin":false,"contributions":74},{"login":"John000708","id":4852153,"node_id":"MDQ6VXNlcjQ4NTIxNTM=","avatar_url":"https://avatars.githubusercontent.com/u/4852153?v=4","gravatar_id":"","url":"https://api.github.com/users/John000708","html_url":"https://github.com/John000708","followers_url":"https://api.github.com/users/John000708/followers","following_url":"https://api.github.com/users/John000708/following{/other_user}","gists_url":"https://api.github.com/users/John000708/gists{/gist_id}","starred_url":"https://api.github.com/users/John000708/starred{/owner}{/repo}","subscriptions_url":"https://api.github.com/users/John000708/subscriptions","organizations_url":"https://api.github.com/users/John000708/orgs","repos_url":"https://api.github.com/users/John000708/repos","events_url":"https://api.github.com/users/John000708/events{/privacy}","received_events_url":"https://api.github.com/users/John000708/received_events","type":"User","user_view_type":"public","site_admin":false,"contributions":64},{"login":"ybw0014","id":7105953,"node_id":"MDQ6VXNlcjcxMDU5NTM=","avatar_url":"https://avatars.githubusercontent.com/u/7105953?v=4","gravatar_id":"","url":"https://api.github.com/users/ybw0014","html_url":"https://github.com/ybw0014","followers_url":"https://api.github.com/users/ybw0014/followers","following_url":"https://api.github.com/users/ybw0014/following{/other_user}","gists_url":"https://api.github.com/users/ybw0014/gists{/gist_id}","starred_url":"https://api.github.com/users/ybw0014/starred{/owner}{/repo}","subscriptions_url":"https://api.github.com/users/ybw0014/subscriptions","organizations_url":"https://api.github.com/users/ybw0014/orgs","repos_url":"https://api.github.com/users/ybw0014/repos","events_url":"https://api.github.com/users/ybw0014/events{/privacy}","received_events_url":"https://api.github.com/users/ybw0014/received_events","type":"User","user_view_type":"public","site_admin":false,"contributions":56},{"login":"TheBusyBot","id":33297977,"node_id":"MDQ6VXNlcjMzMjk3OTc3","avatar_url":"https://avatars.githubusercontent.com/u/33297977?v=4","gravatar_id":"","url":"https://api.github.com/users/TheBusyBot","html_url":"https://github.com/TheBusyBot","followers_url":"https://api.github.com/users/TheBusyBot/followers","following_url":"https://api.github.com/users/TheBusyBot/following{/other_user}","gists_url":"https://api.github.com/users/TheBusyBot/gists{/gist_id}","starred_url":"https://api.github.com/users/TheBusyBot/starred{/owner}{/repo}","subscriptions_url":"https://api.github.com/users/TheBusyBot/subscriptions","organizations_url":"https://api.github.com/users/TheBusyBot/orgs","repos_url":"https://api.github.com/users/TheBusyBot/repos","events_url":"https://api.github.com/users/TheBusyBot/events{/privacy}","received_events_url":"https://api.github.com/users/TheBusyBot/received_events","type":"User","user_view_type":"public","site_admin":false,"contributions":51},{"login":"martinbrom","id":16322387,"node_id":"MDQ6VXNlcjE2MzIyMzg3","avatar_url":"https://avatars.githubusercontent.com/u/16322387?v=4","gravatar_id":"","url":"https://api.github.com/users/martinbrom","html_url":"https://github.com/martinbrom","followers_url":"https://api.github.com/users/martinbrom/followers","following_url":"https://api.github.com/users/martinbrom/following{/other_user}","gists_url":"https://api.github.com/users/martinbrom/gists{/gist_id}","starred_url":"https://api.github.com/users/martinbrom/starred{/owner}{/repo}","subscriptions_url":"https://api.github.com/users/martinbrom/subscriptions","organizations_url":"https://api.github.com/users/martinbrom/orgs","repos_url":"https://api.github.com/users/martinbrom/repos","events_url":"https://api.github.com/users/martinbrom/events{/privacy}","received_events_url":"https://api.github.com/users/martinbrom/received_events","type":"User","user_view_type":"public","site_admin":false,"contributions":47},{"login":"Redemption198","id":25185835,"node_id":"MDQ6VXNlcjI1MTg1ODM1","avatar_url":"https://avatars.githubusercontent.com/u/25185835?v=4","gravatar_id":"","url":"https://api.github.com/users/Redemption198","html_url":"https://github.com/Redemption198","followers_url":"https://api.github.com/users/Redemption198/followers","following_url":"https://api.github.com/users/Redemption198/following{/other_user}","gists_url":"https://api.github.com/users/Redemption198/gists{/gist_id}","starred_url":"https://api.github.com/users/Redemption198/starred{/owner}{/repo}","subscriptions_url":"https://api.github.com/users/Redemption198/subscriptions","organizations_url":"https://api.github.com/users/Redemption198/orgs","repos_url":"https://api.github.com/users/Redemption198/repos","events_url":"https://api.github.com/users/Redemption198/events{/privacy}","received_events_url":"https://api.github.com/users/Redemption198/received_events","type":"User","user_view_type":"public","site_admin":false,"contributions":44},{"login":"Sefiraat","id":20646323,"node_id":"MDQ6VXNlcjIwNjQ2MzIz","avatar_url":"https://avatars.githubusercontent.com/u/20646323?v=4","gravatar_id":"","url":"https://api.github.com/users/Sefiraat","html_url":"https://github.com/Sefiraat","followers_url":"https://api.github.com/users/Sefiraat/followers","following_url":"https://api.github.com/users/Sefiraat/following{/other_user}","gists_url":"https://api.github.com/users/Sefiraat/gists{/gist_id}","starred_url":"https://api.github.com/users/Sefiraat/starred{/owner}{/repo}","subscriptions_url":"https://api.github.com/users/Sefiraat/subscriptions","organizations_url":"https://api.github.com/users/Sefiraat/orgs","repos_url":"https://api.github.com/users/Sefiraat/repos","events_url":"https://api.github.com/users/Sefiraat/events{/privacy}","received_events_url":"https://api.github.com/users/Sefiraat/received_events","type":"User","user_view_type":"public","site_admin":false,"contributions":41},{"login":"Seggan","id":49963543,"node_id":"MDQ6VXNlcjQ5OTYzNTQz","avatar_url":"https://avatars.githubusercontent.com/u/49963543?v=4","gravatar_id":"","url":"https://api.github.com/users/Seggan","html_url":"https://github.com/Seggan","followers_url":"https://api.github.com/users/Seggan/followers","following_url":"https://api.github.com/users/Seggan/following{/other_user}","gists_url":"https://api.github.com/users/Seggan/gists{/gist_id}","starred_url":"https://api.github.com/users/Seggan/starred{/owner}{/repo}","subscriptions_url":"https://api.github.com/users/Seggan/subscriptions","organizations_url":"https://api.github.com/users/Seggan/orgs","repos_url":"https://api.github.com/users/Seggan/repos","events_url":"https://api.github.com/users/Seggan/events{/privacy}","received_events_url":"https://api.github.com/users/Seggan/received_events","type":"User","user_view_type":"public","site_admin":false,"contributions":40},{"login":"bito-blosh","id":53908465,"node_id":"MDQ6VXNlcjUzOTA4NDY1","avatar_url":"https://avatars.githubusercontent.com/u/53908465?v=4","gravatar_id":"","url":"https://api.github.com/users/bito-blosh","html_url":"https://github.com/bito-blosh","followers_url":"https://api.github.com/users/bito-blosh/followers","following_url":"https://api.github.com/users/bito-blosh/following{/other_user}","gists_url":"https://api.github.com/users/bito-blosh/gists{/gist_id}","starred_url":"https://api.github.com/users/bito-blosh/starred{/owner}{/repo}","subscriptions_url":"https://api.github.com/users/bito-blosh/subscriptions","organizations_url":"https://api.github.com/users/bito-blosh/orgs","repos_url":"https://api.github.com/users/bito-blosh/repos","events_url":"https://api.github.com/users/bito-blosh/events{/privacy}","received_events_url":"https://api.github.com/users/bito-blosh/received_events","type":"User","user_view_type":"public","site_admin":false,"contributions":39},{"login":"ajan-12","id":36973731,"node_id":"MDQ6VXNlcjM2OTczNzMx","avatar_url":"https://avatars.githubusercontent.com/u/36973731?v=4","gravatar_id":"","url":"https://api.github.com/users/ajan-12","html_url":"https://github.com/ajan-12","followers_url":"https://api.github.com/users/ajan-12/followers","following_url":"https://api.github.com/users/ajan-12/following{/other_user}","gists_url":"https://api.github.com/users/ajan-12/gists{/gist_id}","starred_url":"https://api.github.com/users/ajan-12/starred{/owner}{/repo}","subscriptions_url":"https://api.github.com/users/ajan-12/subscriptions","organizations_url":"https://api.github.com/users/ajan-12/orgs","repos_url":"https://api.github.com/users/ajan-12/repos","events_url":"https://api.github.com/users/ajan-12/events{/privacy}","received_events_url":"https://api.github.com/users/ajan-12/received_events","type":"User","user_view_type":"public","site_admin":false,"contributions":36},{"login":"andris155","id":8324198,"node_id":"MDQ6VXNlcjgzMjQxOTg=","avatar_url":"https://avatars.githubusercontent.com/u/8324198?v=4","gravatar_id":"","url":"https://api.github.com/users/andris155","html_url":"https://github.com/andris155","followers_url":"https://api.github.com/users/andris155/followers","following_url":"https://api.github.com/users/andris155/following{/other_user}","gists_url":"https://api.github.com/users/andris155/gists{/gist_id}","starred_url":"https://api.github.com/users/andris155/starred{/owner}{/repo}","subscriptions_url":"https://api.github.com/users/andris155/subscriptions","organizations_url":"https://api.github.com/users/andris155/orgs","repos_url":"https://api.github.com/users/andris155/repos","events_url":"https://api.github.com/users/andris155/events{/privacy}","received_events_url":"https://api.github.com/users/andris155/received_events","type":"User","user_view_type":"public","site_admin":false,"contributions":34},{"login":"Mooy1","id":69326411,"node_id":"MDQ6VXNlcjY5MzI2NDEx","avatar_url":"https://avatars.githubusercontent.com/u/69326411?v=4","gravatar_id":"","url":"https://api.github.com/users/Mooy1","html_url":"https://github.com/Mooy1","followers_url":"https://api.github.com/users/Mooy1/followers","following_url":"https://api.github.com/users/Mooy1/following{/other_user}","gists_url":"https://api.github.com/users/Mooy1/gists{/gist_id}","starred_url":"https://api.github.com/users/Mooy1/starred{/owner}{/repo}","subscriptions_url":"https://api.github.com/users/Mooy1/subscriptions","organizations_url":"https://api.github.com/users/Mooy1/orgs","repos_url":"https://api.github.com/users/Mooy1/repos","events_url":"https://api.github.com/users/Mooy1/events{/privacy}","received_events_url":"https://api.github.com/users/Mooy1/received_events","type":"User","user_view_type":"public","site_admin":false,"contributions":32},{"login":"VoidAngel","id":10560901,"node_id":"MDQ6VXNlcjEwNTYwOTAx","avatar_url":"https://avatars.githubusercontent.com/u/10560901?v=4","gravatar_id":"","url":"https://api.github.com/users/VoidAngel","html_url":"https://github.com/VoidAngel","followers_url":"https://api.github.com/users/VoidAngel/followers","following_url":"https://api.github.com/users/VoidAngel/following{/other_user}","gists_url":"https://api.github.com/users/VoidAngel/gists{/gist_id}","starred_url":"https://api.github.com/users/VoidAngel/starred{/owner}{/repo}","subscriptions_url":"https://api.github.com/users/VoidAngel/subscriptions","organizations_url":"https://api.github.com/users/VoidAngel/orgs","repos_url":"https://api.github.com/users/VoidAngel/repos","events_url":"https://api.github.com/users/VoidAngel/events{/privacy}","received_events_url":"https://api.github.com/users/VoidAngel/received_events","type":"User","user_view_type":"public","site_admin":false,"contributions":31},{"login":"iTwins","id":48769316,"node_id":"MDQ6VXNlcjQ4NzY5MzE2","avatar_url":"https://avatars.githubusercontent.com/u/48769316?v=4","gravatar_id":"","url":"https://api.github.com/users/iTwins","html_url":"https://github.com/iTwins","followers_url":"https://api.github.com/users/iTwins/followers","following_url":"https://api.github.com/users/iTwins/following{/other_user}","gists_url":"https://api.github.com/users/iTwins/gists{/gist_id}","starred_url":"https://api.github.com/users/iTwins/starred{/owner}{/repo}","subscriptions_url":"https://api.github.com/users/iTwins/subscriptions","organizations_url":"https://api.github.com/users/iTwins/orgs","repos_url":"https://api.github.com/users/iTwins/repos","events_url":"https://api.github.com/users/iTwins/events{/privacy}","received_events_url":"https://api.github.com/users/iTwins/received_events","type":"User","user_view_type":"public","site_admin":false,"contributions":31},{"login":"Rothes","id":47097395,"node_id":"MDQ6VXNlcjQ3MDk3Mzk1","avatar_url":"https://avatars.githubusercontent.com/u/47097395?v=4","gravatar_id":"","url":"https://api.github.com/users/Rothes","html_url":"https://github.com/Rothes","followers_url":"https://api.github.com/users/Rothes/followers","following_url":"https://api.github.com/users/Rothes/following{/other_user}","gists_url":"https://api.github.com/users/Rothes/gists{/gist_id}","starred_url":"https://api.github.com/users/Rothes/starred{/owner}{/repo}","subscriptions_url":"https://api.github.com/users/Rothes/subscriptions","organizations_url":"https://api.github.com/users/Rothes/orgs","repos_url":"https://api.github.com/users/Rothes/repos","events_url":"https://api.github.com/users/Rothes/events{/privacy}","received_events_url":"https://api.github.com/users/Rothes/received_events","type":"User","user_view_type":"public","site_admin":false,"contributions":30},{"login":"Luu7","id":60487007,"node_id":"MDQ6VXNlcjYwNDg3MDA3","avatar_url":"https://avatars.githubusercontent.com/u/60487007?v=4","gravatar_id":"","url":"https://api.github.com/users/Luu7","html_url":"https://github.com/Luu7","followers_url":"https://api.github.com/users/Luu7/followers","following_url":"https://api.github.com/users/Luu7/following{/other_user}","gists_url":"https://api.github.com/users/Luu7/gists{/gist_id}","starred_url":"https://api.github.com/users/Luu7/starred{/owner}{/repo}","subscriptions_url":"https://api.github.com/users/Luu7/subscriptions","organizations_url":"https://api.github.com/users/Luu7/orgs","repos_url":"https://api.github.com/users/Luu7/repos","events_url":"https://api.github.com/users/Luu7/events{/privacy}","received_events_url":"https://api.github.com/users/Luu7/received_events","type":"User","user_view_type":"public","site_admin":false,"contributions":30},{"login":"mrcoffee1026","id":3322491,"node_id":"MDQ6VXNlcjMzMjI0OTE=","avatar_url":"https://avatars.githubusercontent.com/u/3322491?v=4","gravatar_id":"","url":"https://api.github.com/users/mrcoffee1026","html_url":"https://github.com/mrcoffee1026","followers_url":"https://api.github.com/users/mrcoffee1026/followers","following_url":"https://api.github.com/users/mrcoffee1026/following{/other_user}","gists_url":"https://api.github.com/users/mrcoffee1026/gists{/gist_id}","starred_url":"https://api.github.com/users/mrcoffee1026/starred{/owner}{/repo}","subscriptions_url":"https://api.github.com/users/mrcoffee1026/subscriptions","organizations_url":"https://api.github.com/users/mrcoffee1026/orgs","repos_url":"https://api.github.com/users/mrcoffee1026/repos","events_url":"https://api.github.com/users/mrcoffee1026/events{/privacy}","received_events_url":"https://api.github.com/users/mrcoffee1026/received_events","type":"User","user_view_type":"public","site_admin":false,"contributions":29},{"login":"brinetaiwan","id":60344483,"node_id":"MDQ6VXNlcjYwMzQ0NDgz","avatar_url":"https://avatars.githubusercontent.com/u/60344483?v=4","gravatar_id":"","url":"https://api.github.com/users/brinetaiwan","html_url":"https://github.com/brinetaiwan","followers_url":"https://api.github.com/users/brinetaiwan/followers","following_url":"https://api.github.com/users/brinetaiwan/following{/other_user}","gists_url":"https://api.github.com/users/brinetaiwan/gists{/gist_id}","starred_url":"https://api.github.com/users/brinetaiwan/starred{/owner}{/repo}","subscriptions_url":"https://api.github.com/users/brinetaiwan/subscriptions","organizations_url":"https://api.github.com/users/brinetaiwan/orgs","repos_url":"https://api.github.com/users/brinetaiwan/repos","events_url":"https://api.github.com/users/brinetaiwan/events{/privacy}","received_events_url":"https://api.github.com/users/brinetaiwan/received_events","type":"User","user_view_type":"public","site_admin":false,"contributions":29},{"login":"CURVX","id":71848626,"node_id":"MDQ6VXNlcjcxODQ4NjI2","avatar_url":"https://avatars.githubusercontent.com/u/71848626?v=4","gravatar_id":"","url":"https://api.github.com/users/CURVX","html_url":"https://github.com/CURVX","followers_url":"https://api.github.com/users/CURVX/followers","following_url":"https://api.github.com/users/CURVX/following{/other_user}","gists_url":"https://api.github.com/users/CURVX/gists{/gist_id}","starred_url":"https://api.github.com/users/CURVX/starred{/owner}{/repo}","subscriptions_url":"https://api.github.com/users/CURVX/subscriptions","organizations_url":"https://api.github.com/users/CURVX/orgs","repos_url":"https://api.github.com/users/CURVX/repos","events_url":"https://api.github.com/users/CURVX/events{/privacy}","received_events_url":"https://api.github.com/users/CURVX/received_events","type":"User","user_view_type":"public","site_admin":false,"contributions":28},{"login":"variananora","id":34732414,"node_id":"MDQ6VXNlcjM0NzMyNDE0","avatar_url":"https://avatars.githubusercontent.com/u/34732414?v=4","gravatar_id":"","url":"https://api.github.com/users/variananora","html_url":"https://github.com/variananora","followers_url":"https://api.github.com/users/variananora/followers","following_url":"https://api.github.com/users/variananora/following{/other_user}","gists_url":"https://api.github.com/users/variananora/gists{/gist_id}","starred_url":"https://api.github.com/users/variananora/starred{/owner}{/repo}","subscriptions_url":"https://api.github.com/users/variananora/subscriptions","organizations_url":"https://api.github.com/users/variananora/orgs","repos_url":"https://api.github.com/users/variananora/repos","events_url":"https://api.github.com/users/variananora/events{/privacy}","received_events_url":"https://api.github.com/users/variananora/received_events","type":"User","user_view_type":"public","site_admin":false,"contributions":27},{"login":"ProfElements","id":43350117,"node_id":"MDQ6VXNlcjQzMzUwMTE3","avatar_url":"https://avatars.githubusercontent.com/u/43350117?v=4","gravatar_id":"","url":"https://api.github.com/users/ProfElements","html_url":"https://github.com/ProfElements","followers_url":"https://api.github.com/users/ProfElements/followers","following_url":"https://api.github.com/users/ProfElements/following{/other_user}","gists_url":"https://api.github.com/users/ProfElements/gists{/gist_id}","starred_url":"https://api.github.com/users/ProfElements/starred{/owner}{/repo}","subscriptions_url":"https://api.github.com/users/ProfElements/subscriptions","organizations_url":"https://api.github.com/users/ProfElements/orgs","repos_url":"https://api.github.com/users/ProfElements/repos","events_url":"https://api.github.com/users/ProfElements/events{/privacy}","received_events_url":"https://api.github.com/users/ProfElements/received_events","type":"User","user_view_type":"public","site_admin":false,"contributions":26},{"login":"MisterErwin","id":1916723,"node_id":"MDQ6VXNlcjE5MTY3MjM=","avatar_url":"https://avatars.githubusercontent.com/u/1916723?v=4","gravatar_id":"","url":"https://api.github.com/users/MisterErwin","html_url":"https://github.com/MisterErwin","followers_url":"https://api.github.com/users/MisterErwin/followers","following_url":"https://api.github.com/users/MisterErwin/following{/other_user}","gists_url":"https://api.github.com/users/MisterErwin/gists{/gist_id}","starred_url":"https://api.github.com/users/MisterErwin/starred{/owner}{/repo}","subscriptions_url":"https://api.github.com/users/MisterErwin/subscriptions","organizations_url":"https://api.github.com/users/MisterErwin/orgs","repos_url":"https://api.github.com/users/MisterErwin/repos","events_url":"https://api.github.com/users/MisterErwin/events{/privacy}","received_events_url":"https://api.github.com/users/MisterErwin/received_events","type":"User","user_view_type":"public","site_admin":false,"contributions":26},{"login":"FN-FAL113","id":88238718,"node_id":"MDQ6VXNlcjg4MjM4NzE4","avatar_url":"https://avatars.githubusercontent.com/u/88238718?v=4","gravatar_id":"","url":"https://api.github.com/users/FN-FAL113","html_url":"https://github.com/FN-FAL113","followers_url":"https://api.github.com/users/FN-FAL113/followers","following_url":"https://api.github.com/users/FN-FAL113/following{/other_user}","gists_url":"https://api.github.com/users/FN-FAL113/gists{/gist_id}","starred_url":"https://api.github.com/users/FN-FAL113/starred{/owner}{/repo}","subscriptions_url":"https://api.github.com/users/FN-FAL113/subscriptions","organizations_url":"https://api.github.com/users/FN-FAL113/orgs","repos_url":"https://api.github.com/users/FN-FAL113/repos","events_url":"https://api.github.com/users/FN-FAL113/events{/privacy}","received_events_url":"https://api.github.com/users/FN-FAL113/received_events","type":"User","user_view_type":"public","site_admin":false,"contributions":26},{"login":"Vravinite","id":13398460,"node_id":"MDQ6VXNlcjEzMzk4NDYw","avatar_url":"https://avatars.githubusercontent.com/u/13398460?v=4","gravatar_id":"","url":"https://api.github.com/users/Vravinite","html_url":"https://github.com/Vravinite","followers_url":"https://api.github.com/users/Vravinite/followers","following_url":"https://api.github.com/users/Vravinite/following{/other_user}","gists_url":"https://api.github.com/users/Vravinite/gists{/gist_id}","starred_url":"https://api.github.com/users/Vravinite/starred{/owner}{/repo}","subscriptions_url":"https://api.github.com/users/Vravinite/subscriptions","organizations_url":"https://api.github.com/users/Vravinite/orgs","repos_url":"https://api.github.com/users/Vravinite/repos","events_url":"https://api.github.com/users/Vravinite/events{/privacy}","received_events_url":"https://api.github.com/users/Vravinite/received_events","type":"User","user_view_type":"public","site_admin":false,"contributions":25},{"login":"DNx5","id":10906988,"node_id":"MDQ6VXNlcjEwOTA2OTg4","avatar_url":"https://avatars.githubusercontent.com/u/10906988?v=4","gravatar_id":"","url":"https://api.github.com/users/DNx5","html_url":"https://github.com/DNx5","followers_url":"https://api.github.com/users/DNx5/followers","following_url":"https://api.github.com/users/DNx5/following{/other_user}","gists_url":"https://api.github.com/users/DNx5/gists{/gist_id}","starred_url":"https://api.github.com/users/DNx5/starred{/owner}{/repo}","subscriptions_url":"https://api.github.com/users/DNx5/subscriptions","organizations_url":"https://api.github.com/users/DNx5/orgs","repos_url":"https://api.github.com/users/DNx5/repos","events_url":"https://api.github.com/users/DNx5/events{/privacy}","received_events_url":"https://api.github.com/users/DNx5/received_events","type":"User","user_view_type":"public","site_admin":false,"contributions":25},{"login":"EpicPlayerA10","id":62206933,"node_id":"MDQ6VXNlcjYyMjA2OTMz","avatar_url":"https://avatars.githubusercontent.com/u/62206933?v=4","gravatar_id":"","url":"https://api.github.com/users/EpicPlayerA10","html_url":"https://github.com/EpicPlayerA10","followers_url":"https://api.github.com/users/EpicPlayerA10/followers","following_url":"https://api.github.com/users/EpicPlayerA10/following{/other_user}","gists_url":"https://api.github.com/users/EpicPlayerA10/gists{/gist_id}","starred_url":"https://api.github.com/users/EpicPlayerA10/starred{/owner}{/repo}","subscriptions_url":"https://api.github.com/users/EpicPlayerA10/subscriptions","organizations_url":"https://api.github.com/users/EpicPlayerA10/orgs","repos_url":"https://api.github.com/users/EpicPlayerA10/repos","events_url":"https://api.github.com/users/EpicPlayerA10/events{/privacy}","received_events_url":"https://api.github.com/users/EpicPlayerA10/received_events","type":"User","user_view_type":"public","site_admin":false,"contributions":25},{"login":"sccooottttie","id":34209489,"node_id":"MDQ6VXNlcjM0MjA5NDg5","avatar_url":"https://avatars.githubusercontent.com/u/34209489?v=4","gravatar_id":"","url":"https://api.github.com/users/sccooottttie","html_url":"https://github.com/sccooottttie","followers_url":"https://api.github.com/users/sccooottttie/followers","following_url":"https://api.github.com/users/sccooottttie/following{/other_user}","gists_url":"https://api.github.com/users/sccooottttie/gists{/gist_id}","starred_url":"https://api.github.com/users/sccooottttie/starred{/owner}{/repo}","subscriptions_url":"https://api.github.com/users/sccooottttie/subscriptions","organizations_url":"https://api.github.com/users/sccooottttie/orgs","repos_url":"https://api.github.com/users/sccooottttie/repos","events_url":"https://api.github.com/users/sccooottttie/events{/privacy}","received_events_url":"https://api.github.com/users/sccooottttie/received_events","type":"User","user_view_type":"public","site_admin":false,"contributions":22},{"login":"IAmSorryArt","id":37082875,"node_id":"MDQ6VXNlcjM3MDgyODc1","avatar_url":"https://avatars.githubusercontent.com/u/37082875?v=4","gravatar_id":"","url":"https://api.github.com/users/IAmSorryArt","html_url":"https://github.com/IAmSorryArt","followers_url":"https://api.github.com/users/IAmSorryArt/followers","following_url":"https://api.github.com/users/IAmSorryArt/following{/other_user}","gists_url":"https://api.github.com/users/IAmSorryArt/gists{/gist_id}","starred_url":"https://api.github.com/users/IAmSorryArt/starred{/owner}{/repo}","subscriptions_url":"https://api.github.com/users/IAmSorryArt/subscriptions","organizations_url":"https://api.github.com/users/IAmSorryArt/orgs","repos_url":"https://api.github.com/users/IAmSorryArt/repos","events_url":"https://api.github.com/users/IAmSorryArt/events{/privacy}","received_events_url":"https://api.github.com/users/IAmSorryArt/received_events","type":"User","user_view_type":"public","site_admin":false,"contributions":20},{"login":"KillerXCoder","id":28022067,"node_id":"MDQ6VXNlcjI4MDIyMDY3","avatar_url":"https://avatars.githubusercontent.com/u/28022067?v=4","gravatar_id":"","url":"https://api.github.com/users/KillerXCoder","html_url":"https://github.com/KillerXCoder","followers_url":"https://api.github.com/users/KillerXCoder/followers","following_url":"https://api.github.com/users/KillerXCoder/following{/other_user}","gists_url":"https://api.github.com/users/KillerXCoder/gists{/gist_id}","starred_url":"https://api.github.com/users/KillerXCoder/starred{/owner}{/repo}","subscriptions_url":"https://api.github.com/users/KillerXCoder/subscriptions","organizations_url":"https://api.github.com/users/KillerXCoder/orgs","repos_url":"https://api.github.com/users/KillerXCoder/repos","events_url":"https://api.github.com/users/KillerXCoder/events{/privacy}","received_events_url":"https://api.github.com/users/KillerXCoder/received_events","type":"User","user_view_type":"public","site_admin":false,"contributions":20},{"login":"ishi-sama","id":41908476,"node_id":"MDQ6VXNlcjQxOTA4NDc2","avatar_url":"https://avatars.githubusercontent.com/u/41908476?v=4","gravatar_id":"","url":"https://api.github.com/users/ishi-sama","html_url":"https://github.com/ishi-sama","followers_url":"https://api.github.com/users/ishi-sama/followers","following_url":"https://api.github.com/users/ishi-sama/following{/other_user}","gists_url":"https://api.github.com/users/ishi-sama/gists{/gist_id}","starred_url":"https://api.github.com/users/ishi-sama/starred{/owner}{/repo}","subscriptions_url":"https://api.github.com/users/ishi-sama/subscriptions","organizations_url":"https://api.github.com/users/ishi-sama/orgs","repos_url":"https://api.github.com/users/ishi-sama/repos","events_url":"https://api.github.com/users/ishi-sama/events{/privacy}","received_events_url":"https://api.github.com/users/ishi-sama/received_events","type":"User","user_view_type":"public","site_admin":false,"contributions":20},{"login":"RobotHanzo","id":36107150,"node_id":"MDQ6VXNlcjM2MTA3MTUw","avatar_url":"https://avatars.githubusercontent.com/u/36107150?v=4","gravatar_id":"","url":"https://api.github.com/users/RobotHanzo","html_url":"https://github.com/RobotHanzo","followers_url":"https://api.github.com/users/RobotHanzo/followers","following_url":"https://api.github.com/users/RobotHanzo/following{/other_user}","gists_url":"https://api.github.com/users/RobotHanzo/gists{/gist_id}","starred_url":"https://api.github.com/users/RobotHanzo/starred{/owner}{/repo}","subscriptions_url":"https://api.github.com/users/RobotHanzo/subscriptions","organizations_url":"https://api.github.com/users/RobotHanzo/orgs","repos_url":"https://api.github.com/users/RobotHanzo/repos","events_url":"https://api.github.com/users/RobotHanzo/events{/privacy}","received_events_url":"https://api.github.com/users/RobotHanzo/received_events","type":"User","user_view_type":"public","site_admin":false,"contributions":19},{"login":"md5sha256","id":42793301,"node_id":"MDQ6VXNlcjQyNzkzMzAx","avatar_url":"https://avatars.githubusercontent.com/u/42793301?v=4","gravatar_id":"","url":"https://api.github.com/users/md5sha256","html_url":"https://github.com/md5sha256","followers_url":"https://api.github.com/users/md5sha256/followers","following_url":"https://api.github.com/users/md5sha256/following{/other_user}","gists_url":"https://api.github.com/users/md5sha256/gists{/gist_id}","starred_url":"https://api.github.com/users/md5sha256/starred{/owner}{/repo}","subscriptions_url":"https://api.github.com/users/md5sha256/subscriptions","organizations_url":"https://api.github.com/users/md5sha256/orgs","repos_url":"https://api.github.com/users/md5sha256/repos","events_url":"https://api.github.com/users/md5sha256/events{/privacy}","received_events_url":"https://api.github.com/users/md5sha256/received_events","type":"User","user_view_type":"public","site_admin":false,"contributions":19},{"login":"AlexLander123","id":13492360,"node_id":"MDQ6VXNlcjEzNDkyMzYw","avatar_url":"https://avatars.githubusercontent.com/u/13492360?v=4","gravatar_id":"","url":"https://api.github.com/users/AlexLander123","html_url":"https://github.com/AlexLander123","followers_url":"https://api.github.com/users/AlexLander123/followers","following_url":"https://api.github.com/users/AlexLander123/following{/other_user}","gists_url":"https://api.github.com/users/AlexLander123/gists{/gist_id}","starred_url":"https://api.github.com/users/AlexLander123/starred{/owner}{/repo}","subscriptions_url":"https://api.github.com/users/AlexLander123/subscriptions","organizations_url":"https://api.github.com/users/AlexLander123/orgs","repos_url":"https://api.github.com/users/AlexLander123/repos","events_url":"https://api.github.com/users/AlexLander123/events{/privacy}","received_events_url":"https://api.github.com/users/AlexLander123/received_events","type":"User","user_view_type":"public","site_admin":false,"contributions":18},{"login":"LilBC","id":76880877,"node_id":"MDQ6VXNlcjc2ODgwODc3","avatar_url":"https://avatars.githubusercontent.com/u/76880877?v=4","gravatar_id":"","url":"https://api.github.com/users/LilBC","html_url":"https://github.com/LilBC","followers_url":"https://api.github.com/users/LilBC/followers","following_url":"https://api.github.com/users/LilBC/following{/other_user}","gists_url":"https://api.github.com/users/LilBC/gists{/gist_id}","starred_url":"https://api.github.com/users/LilBC/starred{/owner}{/repo}","subscriptions_url":"https://api.github.com/users/LilBC/subscriptions","organizations_url":"https://api.github.com/users/LilBC/orgs","repos_url":"https://api.github.com/users/LilBC/repos","events_url":"https://api.github.com/users/LilBC/events{/privacy}","received_events_url":"https://api.github.com/users/LilBC/received_events","type":"User","user_view_type":"public","site_admin":false,"contributions":18},{"login":"JustDams","id":48047820,"node_id":"MDQ6VXNlcjQ4MDQ3ODIw","avatar_url":"https://avatars.githubusercontent.com/u/48047820?v=4","gravatar_id":"","url":"https://api.github.com/users/JustDams","html_url":"https://github.com/JustDams","followers_url":"https://api.github.com/users/JustDams/followers","following_url":"https://api.github.com/users/JustDams/following{/other_user}","gists_url":"https://api.github.com/users/JustDams/gists{/gist_id}","starred_url":"https://api.github.com/users/JustDams/starred{/owner}{/repo}","subscriptions_url":"https://api.github.com/users/JustDams/subscriptions","organizations_url":"https://api.github.com/users/JustDams/orgs","repos_url":"https://api.github.com/users/JustDams/repos","events_url":"https://api.github.com/users/JustDams/events{/privacy}","received_events_url":"https://api.github.com/users/JustDams/received_events","type":"User","user_view_type":"public","site_admin":false,"contributions":18},{"login":"sarhatabaot","id":4803946,"node_id":"MDQ6VXNlcjQ4MDM5NDY=","avatar_url":"https://avatars.githubusercontent.com/u/4803946?v=4","gravatar_id":"","url":"https://api.github.com/users/sarhatabaot","html_url":"https://github.com/sarhatabaot","followers_url":"https://api.github.com/users/sarhatabaot/followers","following_url":"https://api.github.com/users/sarhatabaot/following{/other_user}","gists_url":"https://api.github.com/users/sarhatabaot/gists{/gist_id}","starred_url":"https://api.github.com/users/sarhatabaot/starred{/owner}{/repo}","subscriptions_url":"https://api.github.com/users/sarhatabaot/subscriptions","organizations_url":"https://api.github.com/users/sarhatabaot/orgs","repos_url":"https://api.github.com/users/sarhatabaot/repos","events_url":"https://api.github.com/users/sarhatabaot/events{/privacy}","received_events_url":"https://api.github.com/users/sarhatabaot/received_events","type":"User","user_view_type":"public","site_admin":false,"contributions":17},{"login":"NathanAdhitya","id":13374903,"node_id":"MDQ6VXNlcjEzMzc0OTAz","avatar_url":"https://avatars.githubusercontent.com/u/13374903?v=4","gravatar_id":"","url":"https://api.github.com/users/NathanAdhitya","html_url":"https://github.com/NathanAdhitya","followers_url":"https://api.github.com/users/NathanAdhitya/followers","following_url":"https://api.github.com/users/NathanAdhitya/following{/other_user}","gists_url":"https://api.github.com/users/NathanAdhitya/gists{/gist_id}","starred_url":"https://api.github.com/users/NathanAdhitya/starred{/owner}{/repo}","subscriptions_url":"https://api.github.com/users/NathanAdhitya/subscriptions","organizations_url":"https://api.github.com/users/NathanAdhitya/orgs","repos_url":"https://api.github.com/users/NathanAdhitya/repos","events_url":"https://api.github.com/users/NathanAdhitya/events{/privacy}","received_events_url":"https://api.github.com/users/NathanAdhitya/received_events","type":"User","user_view_type":"public","site_admin":false,"contributions":15},{"login":"mohkamfer","id":12324385,"node_id":"MDQ6VXNlcjEyMzI0Mzg1","avatar_url":"https://avatars.githubusercontent.com/u/12324385?v=4","gravatar_id":"","url":"https://api.github.com/users/mohkamfer","html_url":"https://github.com/mohkamfer","followers_url":"https://api.github.com/users/mohkamfer/followers","following_url":"https://api.github.com/users/mohkamfer/following{/other_user}","gists_url":"https://api.github.com/users/mohkamfer/gists{/gist_id}","starred_url":"https://api.github.com/users/mohkamfer/starred{/owner}{/repo}","subscriptions_url":"https://api.github.com/users/mohkamfer/subscriptions","organizations_url":"https://api.github.com/users/mohkamfer/orgs","repos_url":"https://api.github.com/users/mohkamfer/repos","events_url":"https://api.github.com/users/mohkamfer/events{/privacy}","received_events_url":"https://api.github.com/users/mohkamfer/received_events","type":"User","user_view_type":"public","site_admin":false,"contributions":15},{"login":"TerslenK","id":88115382,"node_id":"MDQ6VXNlcjg4MTE1Mzgy","avatar_url":"https://avatars.githubusercontent.com/u/88115382?v=4","gravatar_id":"","url":"https://api.github.com/users/TerslenK","html_url":"https://github.com/TerslenK","followers_url":"https://api.github.com/users/TerslenK/followers","following_url":"https://api.github.com/users/TerslenK/following{/other_user}","gists_url":"https://api.github.com/users/TerslenK/gists{/gist_id}","starred_url":"https://api.github.com/users/TerslenK/starred{/owner}{/repo}","subscriptions_url":"https://api.github.com/users/TerslenK/subscriptions","organizations_url":"https://api.github.com/users/TerslenK/orgs","repos_url":"https://api.github.com/users/TerslenK/repos","events_url":"https://api.github.com/users/TerslenK/events{/privacy}","received_events_url":"https://api.github.com/users/TerslenK/received_events","type":"User","user_view_type":"public","site_admin":false,"contributions":15},{"login":"nahkd123","id":20136708,"node_id":"MDQ6VXNlcjIwMTM2NzA4","avatar_url":"https://avatars.githubusercontent.com/u/20136708?v=4","gravatar_id":"","url":"https://api.github.com/users/nahkd123","html_url":"https://github.com/nahkd123","followers_url":"https://api.github.com/users/nahkd123/followers","following_url":"https://api.github.com/users/nahkd123/following{/other_user}","gists_url":"https://api.github.com/users/nahkd123/gists{/gist_id}","starred_url":"https://api.github.com/users/nahkd123/starred{/owner}{/repo}","subscriptions_url":"https://api.github.com/users/nahkd123/subscriptions","organizations_url":"https://api.github.com/users/nahkd123/orgs","repos_url":"https://api.github.com/users/nahkd123/repos","events_url":"https://api.github.com/users/nahkd123/events{/privacy}","received_events_url":"https://api.github.com/users/nahkd123/received_events","type":"User","user_view_type":"public","site_admin":false,"contributions":14},{"login":"justmangoou","id":38831897,"node_id":"MDQ6VXNlcjM4ODMxODk3","avatar_url":"https://avatars.githubusercontent.com/u/38831897?v=4","gravatar_id":"","url":"https://api.github.com/users/justmangoou","html_url":"https://github.com/justmangoou","followers_url":"https://api.github.com/users/justmangoou/followers","following_url":"https://api.github.com/users/justmangoou/following{/other_user}","gists_url":"https://api.github.com/users/justmangoou/gists{/gist_id}","starred_url":"https://api.github.com/users/justmangoou/starred{/owner}{/repo}","subscriptions_url":"https://api.github.com/users/justmangoou/subscriptions","organizations_url":"https://api.github.com/users/justmangoou/orgs","repos_url":"https://api.github.com/users/justmangoou/repos","events_url":"https://api.github.com/users/justmangoou/events{/privacy}","received_events_url":"https://api.github.com/users/justmangoou/received_events","type":"User","user_view_type":"public","site_admin":false,"contributions":13},{"login":"Tra-sh","id":57933800,"node_id":"MDQ6VXNlcjU3OTMzODAw","avatar_url":"https://avatars.githubusercontent.com/u/57933800?v=4","gravatar_id":"","url":"https://api.github.com/users/Tra-sh","html_url":"https://github.com/Tra-sh","followers_url":"https://api.github.com/users/Tra-sh/followers","following_url":"https://api.github.com/users/Tra-sh/following{/other_user}","gists_url":"https://api.github.com/users/Tra-sh/gists{/gist_id}","starred_url":"https://api.github.com/users/Tra-sh/starred{/owner}{/repo}","subscriptions_url":"https://api.github.com/users/Tra-sh/subscriptions","organizations_url":"https://api.github.com/users/Tra-sh/orgs","repos_url":"https://api.github.com/users/Tra-sh/repos","events_url":"https://api.github.com/users/Tra-sh/events{/privacy}","received_events_url":"https://api.github.com/users/Tra-sh/received_events","type":"User","user_view_type":"public","site_admin":false,"contributions":12},{"login":"EdenKahane","id":108556499,"node_id":"U_kgDOBnhw0w","avatar_url":"https://avatars.githubusercontent.com/u/108556499?v=4","gravatar_id":"","url":"https://api.github.com/users/EdenKahane","html_url":"https://github.com/EdenKahane","followers_url":"https://api.github.com/users/EdenKahane/followers","following_url":"https://api.github.com/users/EdenKahane/following{/other_user}","gists_url":"https://api.github.com/users/EdenKahane/gists{/gist_id}","starred_url":"https://api.github.com/users/EdenKahane/starred{/owner}{/repo}","subscriptions_url":"https://api.github.com/users/EdenKahane/subscriptions","organizations_url":"https://api.github.com/users/EdenKahane/orgs","repos_url":"https://api.github.com/users/EdenKahane/repos","events_url":"https://api.github.com/users/EdenKahane/events{/privacy}","received_events_url":"https://api.github.com/users/EdenKahane/received_events","type":"User","user_view_type":"public","site_admin":false,"contributions":12},{"login":"UnlimitedNinjas","id":31019393,"node_id":"MDQ6VXNlcjMxMDE5Mzkz","avatar_url":"https://avatars.githubusercontent.com/u/31019393?v=4","gravatar_id":"","url":"https://api.github.com/users/UnlimitedNinjas","html_url":"https://github.com/UnlimitedNinjas","followers_url":"https://api.github.com/users/UnlimitedNinjas/followers","following_url":"https://api.github.com/users/UnlimitedNinjas/following{/other_user}","gists_url":"https://api.github.com/users/UnlimitedNinjas/gists{/gist_id}","starred_url":"https://api.github.com/users/UnlimitedNinjas/starred{/owner}{/repo}","subscriptions_url":"https://api.github.com/users/UnlimitedNinjas/subscriptions","organizations_url":"https://api.github.com/users/UnlimitedNinjas/orgs","repos_url":"https://api.github.com/users/UnlimitedNinjas/repos","events_url":"https://api.github.com/users/UnlimitedNinjas/events{/privacy}","received_events_url":"https://api.github.com/users/UnlimitedNinjas/received_events","type":"User","user_view_type":"public","site_admin":false,"contributions":12},{"login":"NCBPFluffyBear","id":31554056,"node_id":"MDQ6VXNlcjMxNTU0MDU2","avatar_url":"https://avatars.githubusercontent.com/u/31554056?v=4","gravatar_id":"","url":"https://api.github.com/users/NCBPFluffyBear","html_url":"https://github.com/NCBPFluffyBear","followers_url":"https://api.github.com/users/NCBPFluffyBear/followers","following_url":"https://api.github.com/users/NCBPFluffyBear/following{/other_user}","gists_url":"https://api.github.com/users/NCBPFluffyBear/gists{/gist_id}","starred_url":"https://api.github.com/users/NCBPFluffyBear/starred{/owner}{/repo}","subscriptions_url":"https://api.github.com/users/NCBPFluffyBear/subscriptions","organizations_url":"https://api.github.com/users/NCBPFluffyBear/orgs","repos_url":"https://api.github.com/users/NCBPFluffyBear/repos","events_url":"https://api.github.com/users/NCBPFluffyBear/events{/privacy}","received_events_url":"https://api.github.com/users/NCBPFluffyBear/received_events","type":"User","user_view_type":"public","site_admin":false,"contributions":11},{"login":"edkerforne","id":29664568,"node_id":"MDQ6VXNlcjI5NjY0NTY4","avatar_url":"https://avatars.githubusercontent.com/u/29664568?v=4","gravatar_id":"","url":"https://api.github.com/users/edkerforne","html_url":"https://github.com/edkerforne","followers_url":"https://api.github.com/users/edkerforne/followers","following_url":"https://api.github.com/users/edkerforne/following{/other_user}","gists_url":"https://api.github.com/users/edkerforne/gists{/gist_id}","starred_url":"https://api.github.com/users/edkerforne/starred{/owner}{/repo}","subscriptions_url":"https://api.github.com/users/edkerforne/subscriptions","organizations_url":"https://api.github.com/users/edkerforne/orgs","repos_url":"https://api.github.com/users/edkerforne/repos","events_url":"https://api.github.com/users/edkerforne/events{/privacy}","received_events_url":"https://api.github.com/users/edkerforne/received_events","type":"User","user_view_type":"public","site_admin":false,"contributions":11},{"login":"GallowsDove","id":71831019,"node_id":"MDQ6VXNlcjcxODMxMDE5","avatar_url":"https://avatars.githubusercontent.com/u/71831019?v=4","gravatar_id":"","url":"https://api.github.com/users/GallowsDove","html_url":"https://github.com/GallowsDove","followers_url":"https://api.github.com/users/GallowsDove/followers","following_url":"https://api.github.com/users/GallowsDove/following{/other_user}","gists_url":"https://api.github.com/users/GallowsDove/gists{/gist_id}","starred_url":"https://api.github.com/users/GallowsDove/starred{/owner}{/repo}","subscriptions_url":"https://api.github.com/users/GallowsDove/subscriptions","organizations_url":"https://api.github.com/users/GallowsDove/orgs","repos_url":"https://api.github.com/users/GallowsDove/repos","events_url":"https://api.github.com/users/GallowsDove/events{/privacy}","received_events_url":"https://api.github.com/users/GallowsDove/received_events","type":"User","user_view_type":"public","site_admin":false,"contributions":10},{"login":"mt-gitlocalize","id":34438160,"node_id":"MDQ6VXNlcjM0NDM4MTYw","avatar_url":"https://avatars.githubusercontent.com/u/34438160?v=4","gravatar_id":"","url":"https://api.github.com/users/mt-gitlocalize","html_url":"https://github.com/mt-gitlocalize","followers_url":"https://api.github.com/users/mt-gitlocalize/followers","following_url":"https://api.github.com/users/mt-gitlocalize/following{/other_user}","gists_url":"https://api.github.com/users/mt-gitlocalize/gists{/gist_id}","starred_url":"https://api.github.com/users/mt-gitlocalize/starred{/owner}{/repo}","subscriptions_url":"https://api.github.com/users/mt-gitlocalize/subscriptions","organizations_url":"https://api.github.com/users/mt-gitlocalize/orgs","repos_url":"https://api.github.com/users/mt-gitlocalize/repos","events_url":"https://api.github.com/users/mt-gitlocalize/events{/privacy}","received_events_url":"https://api.github.com/users/mt-gitlocalize/received_events","type":"User","user_view_type":"public","site_admin":false,"contributions":10},{"login":"beSn0w","id":62652411,"node_id":"MDQ6VXNlcjYyNjUyNDEx","avatar_url":"https://avatars.githubusercontent.com/u/62652411?v=4","gravatar_id":"","url":"https://api.github.com/users/beSn0w","html_url":"https://github.com/beSn0w","followers_url":"https://api.github.com/users/beSn0w/followers","following_url":"https://api.github.com/users/beSn0w/following{/other_user}","gists_url":"https://api.github.com/users/beSn0w/gists{/gist_id}","starred_url":"https://api.github.com/users/beSn0w/starred{/owner}{/repo}","subscriptions_url":"https://api.github.com/users/beSn0w/subscriptions","organizations_url":"https://api.github.com/users/beSn0w/orgs","repos_url":"https://api.github.com/users/beSn0w/repos","events_url":"https://api.github.com/users/beSn0w/events{/privacy}","received_events_url":"https://api.github.com/users/beSn0w/received_events","type":"User","user_view_type":"public","site_admin":false,"contributions":9},{"login":"NgLoader","id":13753840,"node_id":"MDQ6VXNlcjEzNzUzODQw","avatar_url":"https://avatars.githubusercontent.com/u/13753840?v=4","gravatar_id":"","url":"https://api.github.com/users/NgLoader","html_url":"https://github.com/NgLoader","followers_url":"https://api.github.com/users/NgLoader/followers","following_url":"https://api.github.com/users/NgLoader/following{/other_user}","gists_url":"https://api.github.com/users/NgLoader/gists{/gist_id}","starred_url":"https://api.github.com/users/NgLoader/starred{/owner}{/repo}","subscriptions_url":"https://api.github.com/users/NgLoader/subscriptions","organizations_url":"https://api.github.com/users/NgLoader/orgs","repos_url":"https://api.github.com/users/NgLoader/repos","events_url":"https://api.github.com/users/NgLoader/events{/privacy}","received_events_url":"https://api.github.com/users/NgLoader/received_events","type":"User","user_view_type":"public","site_admin":false,"contributions":9},{"login":"justtos","id":19608120,"node_id":"MDQ6VXNlcjE5NjA4MTIw","avatar_url":"https://avatars.githubusercontent.com/u/19608120?v=4","gravatar_id":"","url":"https://api.github.com/users/justtos","html_url":"https://github.com/justtos","followers_url":"https://api.github.com/users/justtos/followers","following_url":"https://api.github.com/users/justtos/following{/other_user}","gists_url":"https://api.github.com/users/justtos/gists{/gist_id}","starred_url":"https://api.github.com/users/justtos/starred{/owner}{/repo}","subscriptions_url":"https://api.github.com/users/justtos/subscriptions","organizations_url":"https://api.github.com/users/justtos/orgs","repos_url":"https://api.github.com/users/justtos/repos","events_url":"https://api.github.com/users/justtos/events{/privacy}","received_events_url":"https://api.github.com/users/justtos/received_events","type":"User","user_view_type":"public","site_admin":false,"contributions":8},{"login":"char3210","id":45241413,"node_id":"MDQ6VXNlcjQ1MjQxNDEz","avatar_url":"https://avatars.githubusercontent.com/u/45241413?v=4","gravatar_id":"","url":"https://api.github.com/users/char3210","html_url":"https://github.com/char3210","followers_url":"https://api.github.com/users/char3210/followers","following_url":"https://api.github.com/users/char3210/following{/other_user}","gists_url":"https://api.github.com/users/char3210/gists{/gist_id}","starred_url":"https://api.github.com/users/char3210/starred{/owner}{/repo}","subscriptions_url":"https://api.github.com/users/char3210/subscriptions","organizations_url":"https://api.github.com/users/char3210/orgs","repos_url":"https://api.github.com/users/char3210/repos","events_url":"https://api.github.com/users/char3210/events{/privacy}","received_events_url":"https://api.github.com/users/char3210/received_events","type":"User","user_view_type":"public","site_admin":false,"contributions":8},{"login":"qwertyuioplkjhgfd","id":149434703,"node_id":"U_kgDOCOgxTw","avatar_url":"https://avatars.githubusercontent.com/u/149434703?v=4","gravatar_id":"","url":"https://api.github.com/users/qwertyuioplkjhgfd","html_url":"https://github.com/qwertyuioplkjhgfd","followers_url":"https://api.github.com/users/qwertyuioplkjhgfd/followers","following_url":"https://api.github.com/users/qwertyuioplkjhgfd/following{/other_user}","gists_url":"https://api.github.com/users/qwertyuioplkjhgfd/gists{/gist_id}","starred_url":"https://api.github.com/users/qwertyuioplkjhgfd/starred{/owner}{/repo}","subscriptions_url":"https://api.github.com/users/qwertyuioplkjhgfd/subscriptions","organizations_url":"https://api.github.com/users/qwertyuioplkjhgfd/orgs","repos_url":"https://api.github.com/users/qwertyuioplkjhgfd/repos","events_url":"https://api.github.com/users/qwertyuioplkjhgfd/events{/privacy}","received_events_url":"https://api.github.com/users/qwertyuioplkjhgfd/received_events","type":"User","user_view_type":"public","site_admin":false,"contributions":8},{"login":"dbzjjoe","id":60488223,"node_id":"MDQ6VXNlcjYwNDg4MjIz","avatar_url":"https://avatars.githubusercontent.com/u/60488223?v=4","gravatar_id":"","url":"https://api.github.com/users/dbzjjoe","html_url":"https://github.com/dbzjjoe","followers_url":"https://api.github.com/users/dbzjjoe/followers","following_url":"https://api.github.com/users/dbzjjoe/following{/other_user}","gists_url":"https://api.github.com/users/dbzjjoe/gists{/gist_id}","starred_url":"https://api.github.com/users/dbzjjoe/starred{/owner}{/repo}","subscriptions_url":"https://api.github.com/users/dbzjjoe/subscriptions","organizations_url":"https://api.github.com/users/dbzjjoe/orgs","repos_url":"https://api.github.com/users/dbzjjoe/repos","events_url":"https://api.github.com/users/dbzjjoe/events{/privacy}","received_events_url":"https://api.github.com/users/dbzjjoe/received_events","type":"User","user_view_type":"public","site_admin":false,"contributions":8},{"login":"ItchyDitchy","id":51221502,"node_id":"MDQ6VXNlcjUxMjIxNTAy","avatar_url":"https://avatars.githubusercontent.com/u/51221502?v=4","gravatar_id":"","url":"https://api.github.com/users/ItchyDitchy","html_url":"https://github.com/ItchyDitchy","followers_url":"https://api.github.com/users/ItchyDitchy/followers","following_url":"https://api.github.com/users/ItchyDitchy/following{/other_user}","gists_url":"https://api.github.com/users/ItchyDitchy/gists{/gist_id}","starred_url":"https://api.github.com/users/ItchyDitchy/starred{/owner}{/repo}","subscriptions_url":"https://api.github.com/users/ItchyDitchy/subscriptions","organizations_url":"https://api.github.com/users/ItchyDitchy/orgs","repos_url":"https://api.github.com/users/ItchyDitchy/repos","events_url":"https://api.github.com/users/ItchyDitchy/events{/privacy}","received_events_url":"https://api.github.com/users/ItchyDitchy/received_events","type":"User","user_view_type":"public","site_admin":false,"contributions":8},{"login":"coco0325","id":22321097,"node_id":"MDQ6VXNlcjIyMzIxMDk3","avatar_url":"https://avatars.githubusercontent.com/u/22321097?v=4","gravatar_id":"","url":"https://api.github.com/users/coco0325","html_url":"https://github.com/coco0325","followers_url":"https://api.github.com/users/coco0325/followers","following_url":"https://api.github.com/users/coco0325/following{/other_user}","gists_url":"https://api.github.com/users/coco0325/gists{/gist_id}","starred_url":"https://api.github.com/users/coco0325/starred{/owner}{/repo}","subscriptions_url":"https://api.github.com/users/coco0325/subscriptions","organizations_url":"https://api.github.com/users/coco0325/orgs","repos_url":"https://api.github.com/users/coco0325/repos","events_url":"https://api.github.com/users/coco0325/events{/privacy}","received_events_url":"https://api.github.com/users/coco0325/received_events","type":"User","user_view_type":"public","site_admin":false,"contributions":8},{"login":"meiamsome","id":1187491,"node_id":"MDQ6VXNlcjExODc0OTE=","avatar_url":"https://avatars.githubusercontent.com/u/1187491?v=4","gravatar_id":"","url":"https://api.github.com/users/meiamsome","html_url":"https://github.com/meiamsome","followers_url":"https://api.github.com/users/meiamsome/followers","following_url":"https://api.github.com/users/meiamsome/following{/other_user}","gists_url":"https://api.github.com/users/meiamsome/gists{/gist_id}","starred_url":"https://api.github.com/users/meiamsome/starred{/owner}{/repo}","subscriptions_url":"https://api.github.com/users/meiamsome/subscriptions","organizations_url":"https://api.github.com/users/meiamsome/orgs","repos_url":"https://api.github.com/users/meiamsome/repos","events_url":"https://api.github.com/users/meiamsome/events{/privacy}","received_events_url":"https://api.github.com/users/meiamsome/received_events","type":"User","user_view_type":"public","site_admin":false,"contributions":8},{"login":"ThatPreston","id":52404366,"node_id":"MDQ6VXNlcjUyNDA0MzY2","avatar_url":"https://avatars.githubusercontent.com/u/52404366?v=4","gravatar_id":"","url":"https://api.github.com/users/ThatPreston","html_url":"https://github.com/ThatPreston","followers_url":"https://api.github.com/users/ThatPreston/followers","following_url":"https://api.github.com/users/ThatPreston/following{/other_user}","gists_url":"https://api.github.com/users/ThatPreston/gists{/gist_id}","starred_url":"https://api.github.com/users/ThatPreston/starred{/owner}{/repo}","subscriptions_url":"https://api.github.com/users/ThatPreston/subscriptions","organizations_url":"https://api.github.com/users/ThatPreston/orgs","repos_url":"https://api.github.com/users/ThatPreston/repos","events_url":"https://api.github.com/users/ThatPreston/events{/privacy}","received_events_url":"https://api.github.com/users/ThatPreston/received_events","type":"User","user_view_type":"public","site_admin":false,"contributions":8},{"login":"fierceeo","id":48343703,"node_id":"MDQ6VXNlcjQ4MzQzNzAz","avatar_url":"https://avatars.githubusercontent.com/u/48343703?v=4","gravatar_id":"","url":"https://api.github.com/users/fierceeo","html_url":"https://github.com/fierceeo","followers_url":"https://api.github.com/users/fierceeo/followers","following_url":"https://api.github.com/users/fierceeo/following{/other_user}","gists_url":"https://api.github.com/users/fierceeo/gists{/gist_id}","starred_url":"https://api.github.com/users/fierceeo/starred{/owner}{/repo}","subscriptions_url":"https://api.github.com/users/fierceeo/subscriptions","organizations_url":"https://api.github.com/users/fierceeo/orgs","repos_url":"https://api.github.com/users/fierceeo/repos","events_url":"https://api.github.com/users/fierceeo/events{/privacy}","received_events_url":"https://api.github.com/users/fierceeo/received_events","type":"User","user_view_type":"public","site_admin":false,"contributions":7},{"login":"pentabulge","id":19417929,"node_id":"MDQ6VXNlcjE5NDE3OTI5","avatar_url":"https://avatars.githubusercontent.com/u/19417929?v=4","gravatar_id":"","url":"https://api.github.com/users/pentabulge","html_url":"https://github.com/pentabulge","followers_url":"https://api.github.com/users/pentabulge/followers","following_url":"https://api.github.com/users/pentabulge/following{/other_user}","gists_url":"https://api.github.com/users/pentabulge/gists{/gist_id}","starred_url":"https://api.github.com/users/pentabulge/starred{/owner}{/repo}","subscriptions_url":"https://api.github.com/users/pentabulge/subscriptions","organizations_url":"https://api.github.com/users/pentabulge/orgs","repos_url":"https://api.github.com/users/pentabulge/repos","events_url":"https://api.github.com/users/pentabulge/events{/privacy}","received_events_url":"https://api.github.com/users/pentabulge/received_events","type":"User","user_view_type":"public","site_admin":false,"contributions":7},{"login":"PhanaticD","id":2024109,"node_id":"MDQ6VXNlcjIwMjQxMDk=","avatar_url":"https://avatars.githubusercontent.com/u/2024109?v=4","gravatar_id":"","url":"https://api.github.com/users/PhanaticD","html_url":"https://github.com/PhanaticD","followers_url":"https://api.github.com/users/PhanaticD/followers","following_url":"https://api.github.com/users/PhanaticD/following{/other_user}","gists_url":"https://api.github.com/users/PhanaticD/gists{/gist_id}","starred_url":"https://api.github.com/users/PhanaticD/starred{/owner}{/repo}","subscriptions_url":"https://api.github.com/users/PhanaticD/subscriptions","organizations_url":"https://api.github.com/users/PhanaticD/orgs","repos_url":"https://api.github.com/users/PhanaticD/repos","events_url":"https://api.github.com/users/PhanaticD/events{/privacy}","received_events_url":"https://api.github.com/users/PhanaticD/received_events","type":"User","user_view_type":"public","site_admin":false,"contributions":7},{"login":"Ritwik-main","id":116669493,"node_id":"U_kgDOBvQ8NQ","avatar_url":"https://avatars.githubusercontent.com/u/116669493?v=4","gravatar_id":"","url":"https://api.github.com/users/Ritwik-main","html_url":"https://github.com/Ritwik-main","followers_url":"https://api.github.com/users/Ritwik-main/followers","following_url":"https://api.github.com/users/Ritwik-main/following{/other_user}","gists_url":"https://api.github.com/users/Ritwik-main/gists{/gist_id}","starred_url":"https://api.github.com/users/Ritwik-main/starred{/owner}{/repo}","subscriptions_url":"https://api.github.com/users/Ritwik-main/subscriptions","organizations_url":"https://api.github.com/users/Ritwik-main/orgs","repos_url":"https://api.github.com/users/Ritwik-main/repos","events_url":"https://api.github.com/users/Ritwik-main/events{/privacy}","received_events_url":"https://api.github.com/users/Ritwik-main/received_events","type":"User","user_view_type":"public","site_admin":false,"contributions":7},{"login":"Catzy44","id":25874220,"node_id":"MDQ6VXNlcjI1ODc0MjIw","avatar_url":"https://avatars.githubusercontent.com/u/25874220?v=4","gravatar_id":"","url":"https://api.github.com/users/Catzy44","html_url":"https://github.com/Catzy44","followers_url":"https://api.github.com/users/Catzy44/followers","following_url":"https://api.github.com/users/Catzy44/following{/other_user}","gists_url":"https://api.github.com/users/Catzy44/gists{/gist_id}","starred_url":"https://api.github.com/users/Catzy44/starred{/owner}{/repo}","subscriptions_url":"https://api.github.com/users/Catzy44/subscriptions","organizations_url":"https://api.github.com/users/Catzy44/orgs","repos_url":"https://api.github.com/users/Catzy44/repos","events_url":"https://api.github.com/users/Catzy44/events{/privacy}","received_events_url":"https://api.github.com/users/Catzy44/received_events","type":"User","user_view_type":"public","site_admin":false,"contributions":7},{"login":"Pukejoy","id":51823459,"node_id":"MDQ6VXNlcjUxODIzNDU5","avatar_url":"https://avatars.githubusercontent.com/u/51823459?v=4","gravatar_id":"","url":"https://api.github.com/users/Pukejoy","html_url":"https://github.com/Pukejoy","followers_url":"https://api.github.com/users/Pukejoy/followers","following_url":"https://api.github.com/users/Pukejoy/following{/other_user}","gists_url":"https://api.github.com/users/Pukejoy/gists{/gist_id}","starred_url":"https://api.github.com/users/Pukejoy/starred{/owner}{/repo}","subscriptions_url":"https://api.github.com/users/Pukejoy/subscriptions","organizations_url":"https://api.github.com/users/Pukejoy/orgs","repos_url":"https://api.github.com/users/Pukejoy/repos","events_url":"https://api.github.com/users/Pukejoy/events{/privacy}","received_events_url":"https://api.github.com/users/Pukejoy/received_events","type":"User","user_view_type":"public","site_admin":false,"contributions":7},{"login":"HSGamer","id":25300232,"node_id":"MDQ6VXNlcjI1MzAwMjMy","avatar_url":"https://avatars.githubusercontent.com/u/25300232?v=4","gravatar_id":"","url":"https://api.github.com/users/HSGamer","html_url":"https://github.com/HSGamer","followers_url":"https://api.github.com/users/HSGamer/followers","following_url":"https://api.github.com/users/HSGamer/following{/other_user}","gists_url":"https://api.github.com/users/HSGamer/gists{/gist_id}","starred_url":"https://api.github.com/users/HSGamer/starred{/owner}{/repo}","subscriptions_url":"https://api.github.com/users/HSGamer/subscriptions","organizations_url":"https://api.github.com/users/HSGamer/orgs","repos_url":"https://api.github.com/users/HSGamer/repos","events_url":"https://api.github.com/users/HSGamer/events{/privacy}","received_events_url":"https://api.github.com/users/HSGamer/received_events","type":"User","user_view_type":"public","site_admin":false,"contributions":7},{"login":"100petr","id":29830635,"node_id":"MDQ6VXNlcjI5ODMwNjM1","avatar_url":"https://avatars.githubusercontent.com/u/29830635?v=4","gravatar_id":"","url":"https://api.github.com/users/100petr","html_url":"https://github.com/100petr","followers_url":"https://api.github.com/users/100petr/followers","following_url":"https://api.github.com/users/100petr/following{/other_user}","gists_url":"https://api.github.com/users/100petr/gists{/gist_id}","starred_url":"https://api.github.com/users/100petr/starred{/owner}{/repo}","subscriptions_url":"https://api.github.com/users/100petr/subscriptions","organizations_url":"https://api.github.com/users/100petr/orgs","repos_url":"https://api.github.com/users/100petr/repos","events_url":"https://api.github.com/users/100petr/events{/privacy}","received_events_url":"https://api.github.com/users/100petr/received_events","type":"User","user_view_type":"public","site_admin":false,"contributions":7},{"login":"bverhoeven","id":1443431,"node_id":"MDQ6VXNlcjE0NDM0MzE=","avatar_url":"https://avatars.githubusercontent.com/u/1443431?v=4","gravatar_id":"","url":"https://api.github.com/users/bverhoeven","html_url":"https://github.com/bverhoeven","followers_url":"https://api.github.com/users/bverhoeven/followers","following_url":"https://api.github.com/users/bverhoeven/following{/other_user}","gists_url":"https://api.github.com/users/bverhoeven/gists{/gist_id}","starred_url":"https://api.github.com/users/bverhoeven/starred{/owner}{/repo}","subscriptions_url":"https://api.github.com/users/bverhoeven/subscriptions","organizations_url":"https://api.github.com/users/bverhoeven/orgs","repos_url":"https://api.github.com/users/bverhoeven/repos","events_url":"https://api.github.com/users/bverhoeven/events{/privacy}","received_events_url":"https://api.github.com/users/bverhoeven/received_events","type":"User","user_view_type":"public","site_admin":false,"contributions":6},{"login":"Cyber-MC","id":31489616,"node_id":"MDQ6VXNlcjMxNDg5NjE2","avatar_url":"https://avatars.githubusercontent.com/u/31489616?v=4","gravatar_id":"","url":"https://api.github.com/users/Cyber-MC","html_url":"https://github.com/Cyber-MC","followers_url":"https://api.github.com/users/Cyber-MC/followers","following_url":"https://api.github.com/users/Cyber-MC/following{/other_user}","gists_url":"https://api.github.com/users/Cyber-MC/gists{/gist_id}","starred_url":"https://api.github.com/users/Cyber-MC/starred{/owner}{/repo}","subscriptions_url":"https://api.github.com/users/Cyber-MC/subscriptions","organizations_url":"https://api.github.com/users/Cyber-MC/orgs","repos_url":"https://api.github.com/users/Cyber-MC/repos","events_url":"https://api.github.com/users/Cyber-MC/events{/privacy}","received_events_url":"https://api.github.com/users/Cyber-MC/received_events","type":"User","user_view_type":"public","site_admin":false,"contributions":6},{"login":"jacky-0218","id":121716441,"node_id":"U_kgDOB0E-2Q","avatar_url":"https://avatars.githubusercontent.com/u/121716441?v=4","gravatar_id":"","url":"https://api.github.com/users/jacky-0218","html_url":"https://github.com/jacky-0218","followers_url":"https://api.github.com/users/jacky-0218/followers","following_url":"https://api.github.com/users/jacky-0218/following{/other_user}","gists_url":"https://api.github.com/users/jacky-0218/gists{/gist_id}","starred_url":"https://api.github.com/users/jacky-0218/starred{/owner}{/repo}","subscriptions_url":"https://api.github.com/users/jacky-0218/subscriptions","organizations_url":"https://api.github.com/users/jacky-0218/orgs","repos_url":"https://api.github.com/users/jacky-0218/repos","events_url":"https://api.github.com/users/jacky-0218/events{/privacy}","received_events_url":"https://api.github.com/users/jacky-0218/received_events","type":"User","user_view_type":"public","site_admin":false,"contributions":6},{"login":"Zero5G","id":46620756,"node_id":"MDQ6VXNlcjQ2NjIwNzU2","avatar_url":"https://avatars.githubusercontent.com/u/46620756?v=4","gravatar_id":"","url":"https://api.github.com/users/Zero5G","html_url":"https://github.com/Zero5G","followers_url":"https://api.github.com/users/Zero5G/followers","following_url":"https://api.github.com/users/Zero5G/following{/other_user}","gists_url":"https://api.github.com/users/Zero5G/gists{/gist_id}","starred_url":"https://api.github.com/users/Zero5G/starred{/owner}{/repo}","subscriptions_url":"https://api.github.com/users/Zero5G/subscriptions","organizations_url":"https://api.github.com/users/Zero5G/orgs","repos_url":"https://api.github.com/users/Zero5G/repos","events_url":"https://api.github.com/users/Zero5G/events{/privacy}","received_events_url":"https://api.github.com/users/Zero5G/received_events","type":"User","user_view_type":"public","site_admin":false,"contributions":6},{"login":"Phoenix-Starlight","id":64714532,"node_id":"MDQ6VXNlcjY0NzE0NTMy","avatar_url":"https://avatars.githubusercontent.com/u/64714532?v=4","gravatar_id":"","url":"https://api.github.com/users/Phoenix-Starlight","html_url":"https://github.com/Phoenix-Starlight","followers_url":"https://api.github.com/users/Phoenix-Starlight/followers","following_url":"https://api.github.com/users/Phoenix-Starlight/following{/other_user}","gists_url":"https://api.github.com/users/Phoenix-Starlight/gists{/gist_id}","starred_url":"https://api.github.com/users/Phoenix-Starlight/starred{/owner}{/repo}","subscriptions_url":"https://api.github.com/users/Phoenix-Starlight/subscriptions","organizations_url":"https://api.github.com/users/Phoenix-Starlight/orgs","repos_url":"https://api.github.com/users/Phoenix-Starlight/repos","events_url":"https://api.github.com/users/Phoenix-Starlight/events{/privacy}","received_events_url":"https://api.github.com/users/Phoenix-Starlight/received_events","type":"User","user_view_type":"public","site_admin":false,"contributions":6},{"login":"Liruxo","id":46451644,"node_id":"MDQ6VXNlcjQ2NDUxNjQ0","avatar_url":"https://avatars.githubusercontent.com/u/46451644?v=4","gravatar_id":"","url":"https://api.github.com/users/Liruxo","html_url":"https://github.com/Liruxo","followers_url":"https://api.github.com/users/Liruxo/followers","following_url":"https://api.github.com/users/Liruxo/following{/other_user}","gists_url":"https://api.github.com/users/Liruxo/gists{/gist_id}","starred_url":"https://api.github.com/users/Liruxo/starred{/owner}{/repo}","subscriptions_url":"https://api.github.com/users/Liruxo/subscriptions","organizations_url":"https://api.github.com/users/Liruxo/orgs","repos_url":"https://api.github.com/users/Liruxo/repos","events_url":"https://api.github.com/users/Liruxo/events{/privacy}","received_events_url":"https://api.github.com/users/Liruxo/received_events","type":"User","user_view_type":"public","site_admin":false,"contributions":5},{"login":"TheSilentPro","id":46107752,"node_id":"MDQ6VXNlcjQ2MTA3NzUy","avatar_url":"https://avatars.githubusercontent.com/u/46107752?v=4","gravatar_id":"","url":"https://api.github.com/users/TheSilentPro","html_url":"https://github.com/TheSilentPro","followers_url":"https://api.github.com/users/TheSilentPro/followers","following_url":"https://api.github.com/users/TheSilentPro/following{/other_user}","gists_url":"https://api.github.com/users/TheSilentPro/gists{/gist_id}","starred_url":"https://api.github.com/users/TheSilentPro/starred{/owner}{/repo}","subscriptions_url":"https://api.github.com/users/TheSilentPro/subscriptions","organizations_url":"https://api.github.com/users/TheSilentPro/orgs","repos_url":"https://api.github.com/users/TheSilentPro/repos","events_url":"https://api.github.com/users/TheSilentPro/events{/privacy}","received_events_url":"https://api.github.com/users/TheSilentPro/received_events","type":"User","user_view_type":"public","site_admin":false,"contributions":5},{"login":"Timotiyadeyhakesem","id":71907027,"node_id":"MDQ6VXNlcjcxOTA3MDI3","avatar_url":"https://avatars.githubusercontent.com/u/71907027?v=4","gravatar_id":"","url":"https://api.github.com/users/Timotiyadeyhakesem","html_url":"https://github.com/Timotiyadeyhakesem","followers_url":"https://api.github.com/users/Timotiyadeyhakesem/followers","following_url":"https://api.github.com/users/Timotiyadeyhakesem/following{/other_user}","gists_url":"https://api.github.com/users/Timotiyadeyhakesem/gists{/gist_id}","starred_url":"https://api.github.com/users/Timotiyadeyhakesem/starred{/owner}{/repo}","subscriptions_url":"https://api.github.com/users/Timotiyadeyhakesem/subscriptions","organizations_url":"https://api.github.com/users/Timotiyadeyhakesem/orgs","repos_url":"https://api.github.com/users/Timotiyadeyhakesem/repos","events_url":"https://api.github.com/users/Timotiyadeyhakesem/events{/privacy}","received_events_url":"https://api.github.com/users/Timotiyadeyhakesem/received_events","type":"User","user_view_type":"public","site_admin":false,"contributions":5},{"login":"kwonms871","id":17765422,"node_id":"MDQ6VXNlcjE3NzY1NDIy","avatar_url":"https://avatars.githubusercontent.com/u/17765422?v=4","gravatar_id":"","url":"https://api.github.com/users/kwonms871","html_url":"https://github.com/kwonms871","followers_url":"https://api.github.com/users/kwonms871/followers","following_url":"https://api.github.com/users/kwonms871/following{/other_user}","gists_url":"https://api.github.com/users/kwonms871/gists{/gist_id}","starred_url":"https://api.github.com/users/kwonms871/starred{/owner}{/repo}","subscriptions_url":"https://api.github.com/users/kwonms871/subscriptions","organizations_url":"https://api.github.com/users/kwonms871/orgs","repos_url":"https://api.github.com/users/kwonms871/repos","events_url":"https://api.github.com/users/kwonms871/events{/privacy}","received_events_url":"https://api.github.com/users/kwonms871/received_events","type":"User","user_view_type":"public","site_admin":false,"contributions":5},{"login":"creator3","id":5899144,"node_id":"MDQ6VXNlcjU4OTkxNDQ=","avatar_url":"https://avatars.githubusercontent.com/u/5899144?v=4","gravatar_id":"","url":"https://api.github.com/users/creator3","html_url":"https://github.com/creator3","followers_url":"https://api.github.com/users/creator3/followers","following_url":"https://api.github.com/users/creator3/following{/other_user}","gists_url":"https://api.github.com/users/creator3/gists{/gist_id}","starred_url":"https://api.github.com/users/creator3/starred{/owner}{/repo}","subscriptions_url":"https://api.github.com/users/creator3/subscriptions","organizations_url":"https://api.github.com/users/creator3/orgs","repos_url":"https://api.github.com/users/creator3/repos","events_url":"https://api.github.com/users/creator3/events{/privacy}","received_events_url":"https://api.github.com/users/creator3/received_events","type":"User","user_view_type":"public","site_admin":false,"contributions":5},{"login":"Yunuskrn","id":52158396,"node_id":"MDQ6VXNlcjUyMTU4Mzk2","avatar_url":"https://avatars.githubusercontent.com/u/52158396?v=4","gravatar_id":"","url":"https://api.github.com/users/Yunuskrn","html_url":"https://github.com/Yunuskrn","followers_url":"https://api.github.com/users/Yunuskrn/followers","following_url":"https://api.github.com/users/Yunuskrn/following{/other_user}","gists_url":"https://api.github.com/users/Yunuskrn/gists{/gist_id}","starred_url":"https://api.github.com/users/Yunuskrn/starred{/owner}{/repo}","subscriptions_url":"https://api.github.com/users/Yunuskrn/subscriptions","organizations_url":"https://api.github.com/users/Yunuskrn/orgs","repos_url":"https://api.github.com/users/Yunuskrn/repos","events_url":"https://api.github.com/users/Yunuskrn/events{/privacy}","received_events_url":"https://api.github.com/users/Yunuskrn/received_events","type":"User","user_view_type":"public","site_admin":false,"contributions":5},{"login":"Wirusiu","id":51492842,"node_id":"MDQ6VXNlcjUxNDkyODQy","avatar_url":"https://avatars.githubusercontent.com/u/51492842?v=4","gravatar_id":"","url":"https://api.github.com/users/Wirusiu","html_url":"https://github.com/Wirusiu","followers_url":"https://api.github.com/users/Wirusiu/followers","following_url":"https://api.github.com/users/Wirusiu/following{/other_user}","gists_url":"https://api.github.com/users/Wirusiu/gists{/gist_id}","starred_url":"https://api.github.com/users/Wirusiu/starred{/owner}{/repo}","subscriptions_url":"https://api.github.com/users/Wirusiu/subscriptions","organizations_url":"https://api.github.com/users/Wirusiu/orgs","repos_url":"https://api.github.com/users/Wirusiu/repos","events_url":"https://api.github.com/users/Wirusiu/events{/privacy}","received_events_url":"https://api.github.com/users/Wirusiu/received_events","type":"User","user_view_type":"public","site_admin":false,"contributions":5},{"login":"TomWiskis","id":37744398,"node_id":"MDQ6VXNlcjM3NzQ0Mzk4","avatar_url":"https://avatars.githubusercontent.com/u/37744398?v=4","gravatar_id":"","url":"https://api.github.com/users/TomWiskis","html_url":"https://github.com/TomWiskis","followers_url":"https://api.github.com/users/TomWiskis/followers","following_url":"https://api.github.com/users/TomWiskis/following{/other_user}","gists_url":"https://api.github.com/users/TomWiskis/gists{/gist_id}","starred_url":"https://api.github.com/users/TomWiskis/starred{/owner}{/repo}","subscriptions_url":"https://api.github.com/users/TomWiskis/subscriptions","organizations_url":"https://api.github.com/users/TomWiskis/orgs","repos_url":"https://api.github.com/users/TomWiskis/repos","events_url":"https://api.github.com/users/TomWiskis/events{/privacy}","received_events_url":"https://api.github.com/users/TomWiskis/received_events","type":"User","user_view_type":"public","site_admin":false,"contributions":5},{"login":"Patbox","id":39821509,"node_id":"MDQ6VXNlcjM5ODIxNTA5","avatar_url":"https://avatars.githubusercontent.com/u/39821509?v=4","gravatar_id":"","url":"https://api.github.com/users/Patbox","html_url":"https://github.com/Patbox","followers_url":"https://api.github.com/users/Patbox/followers","following_url":"https://api.github.com/users/Patbox/following{/other_user}","gists_url":"https://api.github.com/users/Patbox/gists{/gist_id}","starred_url":"https://api.github.com/users/Patbox/starred{/owner}{/repo}","subscriptions_url":"https://api.github.com/users/Patbox/subscriptions","organizations_url":"https://api.github.com/users/Patbox/orgs","repos_url":"https://api.github.com/users/Patbox/repos","events_url":"https://api.github.com/users/Patbox/events{/privacy}","received_events_url":"https://api.github.com/users/Patbox/received_events","type":"User","user_view_type":"public","site_admin":false,"contributions":5},{"login":"DNBGlol","id":64981521,"node_id":"MDQ6VXNlcjY0OTgxNTIx","avatar_url":"https://avatars.githubusercontent.com/u/64981521?v=4","gravatar_id":"","url":"https://api.github.com/users/DNBGlol","html_url":"https://github.com/DNBGlol","followers_url":"https://api.github.com/users/DNBGlol/followers","following_url":"https://api.github.com/users/DNBGlol/following{/other_user}","gists_url":"https://api.github.com/users/DNBGlol/gists{/gist_id}","starred_url":"https://api.github.com/users/DNBGlol/starred{/owner}{/repo}","subscriptions_url":"https://api.github.com/users/DNBGlol/subscriptions","organizations_url":"https://api.github.com/users/DNBGlol/orgs","repos_url":"https://api.github.com/users/DNBGlol/repos","events_url":"https://api.github.com/users/DNBGlol/events{/privacy}","received_events_url":"https://api.github.com/users/DNBGlol/received_events","type":"User","user_view_type":"public","site_admin":false,"contributions":5},{"login":"DeathlyPanda","id":19962308,"node_id":"MDQ6VXNlcjE5OTYyMzA4","avatar_url":"https://avatars.githubusercontent.com/u/19962308?v=4","gravatar_id":"","url":"https://api.github.com/users/DeathlyPanda","html_url":"https://github.com/DeathlyPanda","followers_url":"https://api.github.com/users/DeathlyPanda/followers","following_url":"https://api.github.com/users/DeathlyPanda/following{/other_user}","gists_url":"https://api.github.com/users/DeathlyPanda/gists{/gist_id}","starred_url":"https://api.github.com/users/DeathlyPanda/starred{/owner}{/repo}","subscriptions_url":"https://api.github.com/users/DeathlyPanda/subscriptions","organizations_url":"https://api.github.com/users/DeathlyPanda/orgs","repos_url":"https://api.github.com/users/DeathlyPanda/repos","events_url":"https://api.github.com/users/DeathlyPanda/events{/privacy}","received_events_url":"https://api.github.com/users/DeathlyPanda/received_events","type":"User","user_view_type":"public","site_admin":false,"contributions":5},{"login":"freeze-dolphin","id":40729044,"node_id":"MDQ6VXNlcjQwNzI5MDQ0","avatar_url":"https://avatars.githubusercontent.com/u/40729044?v=4","gravatar_id":"","url":"https://api.github.com/users/freeze-dolphin","html_url":"https://github.com/freeze-dolphin","followers_url":"https://api.github.com/users/freeze-dolphin/followers","following_url":"https://api.github.com/users/freeze-dolphin/following{/other_user}","gists_url":"https://api.github.com/users/freeze-dolphin/gists{/gist_id}","starred_url":"https://api.github.com/users/freeze-dolphin/starred{/owner}{/repo}","subscriptions_url":"https://api.github.com/users/freeze-dolphin/subscriptions","organizations_url":"https://api.github.com/users/freeze-dolphin/orgs","repos_url":"https://api.github.com/users/freeze-dolphin/repos","events_url":"https://api.github.com/users/freeze-dolphin/events{/privacy}","received_events_url":"https://api.github.com/users/freeze-dolphin/received_events","type":"User","user_view_type":"public","site_admin":false,"contributions":5},{"login":"yumjunstar","id":24960675,"node_id":"MDQ6VXNlcjI0OTYwNjc1","avatar_url":"https://avatars.githubusercontent.com/u/24960675?v=4","gravatar_id":"","url":"https://api.github.com/users/yumjunstar","html_url":"https://github.com/yumjunstar","followers_url":"https://api.github.com/users/yumjunstar/followers","following_url":"https://api.github.com/users/yumjunstar/following{/other_user}","gists_url":"https://api.github.com/users/yumjunstar/gists{/gist_id}","starred_url":"https://api.github.com/users/yumjunstar/starred{/owner}{/repo}","subscriptions_url":"https://api.github.com/users/yumjunstar/subscriptions","organizations_url":"https://api.github.com/users/yumjunstar/orgs","repos_url":"https://api.github.com/users/yumjunstar/repos","events_url":"https://api.github.com/users/yumjunstar/events{/privacy}","received_events_url":"https://api.github.com/users/yumjunstar/received_events","type":"User","user_view_type":"public","site_admin":false,"contributions":4},{"login":"flaxeneel2","id":60919292,"node_id":"MDQ6VXNlcjYwOTE5Mjky","avatar_url":"https://avatars.githubusercontent.com/u/60919292?v=4","gravatar_id":"","url":"https://api.github.com/users/flaxeneel2","html_url":"https://github.com/flaxeneel2","followers_url":"https://api.github.com/users/flaxeneel2/followers","following_url":"https://api.github.com/users/flaxeneel2/following{/other_user}","gists_url":"https://api.github.com/users/flaxeneel2/gists{/gist_id}","starred_url":"https://api.github.com/users/flaxeneel2/starred{/owner}{/repo}","subscriptions_url":"https://api.github.com/users/flaxeneel2/subscriptions","organizations_url":"https://api.github.com/users/flaxeneel2/orgs","repos_url":"https://api.github.com/users/flaxeneel2/repos","events_url":"https://api.github.com/users/flaxeneel2/events{/privacy}","received_events_url":"https://api.github.com/users/flaxeneel2/received_events","type":"User","user_view_type":"public","site_admin":false,"contributions":4},{"login":"moogician","id":74754989,"node_id":"MDQ6VXNlcjc0NzU0OTg5","avatar_url":"https://avatars.githubusercontent.com/u/74754989?v=4","gravatar_id":"","url":"https://api.github.com/users/moogician","html_url":"https://github.com/moogician","followers_url":"https://api.github.com/users/moogician/followers","following_url":"https://api.github.com/users/moogician/following{/other_user}","gists_url":"https://api.github.com/users/moogician/gists{/gist_id}","starred_url":"https://api.github.com/users/moogician/starred{/owner}{/repo}","subscriptions_url":"https://api.github.com/users/moogician/subscriptions","organizations_url":"https://api.github.com/users/moogician/orgs","repos_url":"https://api.github.com/users/moogician/repos","events_url":"https://api.github.com/users/moogician/events{/privacy}","received_events_url":"https://api.github.com/users/moogician/received_events","type":"User","user_view_type":"public","site_admin":false,"contributions":4},{"login":"ascpixi","id":44982772,"node_id":"MDQ6VXNlcjQ0OTgyNzcy","avatar_url":"https://avatars.githubusercontent.com/u/44982772?v=4","gravatar_id":"","url":"https://api.github.com/users/ascpixi","html_url":"https://github.com/ascpixi","followers_url":"https://api.github.com/users/ascpixi/followers","following_url":"https://api.github.com/users/ascpixi/following{/other_user}","gists_url":"https://api.github.com/users/ascpixi/gists{/gist_id}","starred_url":"https://api.github.com/users/ascpixi/starred{/owner}{/repo}","subscriptions_url":"https://api.github.com/users/ascpixi/subscriptions","organizations_url":"https://api.github.com/users/ascpixi/orgs","repos_url":"https://api.github.com/users/ascpixi/repos","events_url":"https://api.github.com/users/ascpixi/events{/privacy}","received_events_url":"https://api.github.com/users/ascpixi/received_events","type":"User","user_view_type":"public","site_admin":false,"contributions":4}]